timestamp,latitude,longitude,elevation,satellites,ang_vel_x,ang_vel_y,ang_vel_z,accel_x,accel_y,accel_z,mag_x,mag_y,mag_z
2026-04-28T22:52:06.237065,0.0,0.0,0.0,0,-0.001090830782496456,0.0,0.004363323129985824,0.16,-1.56,9.39,19.375,-5.5,-134.375
2026-04-28T22:52:07.248630,0.0,0.0,0.0,0,-0.002181661564992912,0.0,0.0,0.15,-0.29,9.42,19.0625,-3.6875,-132.875
2026-04-28T22:52:08.260146,0.0,0.0,0.0,0,0.0,0.003272492347489368,0.0,0.14,-0.29,9.43,19.75,-4.0625,-132.5
2026-04-28T22:54:28.829210,0.0,0.0,0.0,0,-0.003272492347489368,0.0,0.0,0.14,-0.31,9.44,19.0625,-5.1875,-136.0
2026-04-28T22:55:37.661650,0.0,0.0,0.0,0,0.0,0.001090830782496456,0.001090830782496456,0.19,-0.27,9.4,18.25,-5.1875,-135.1875
2026-04-28T22:55:38.811214,0.0,0.0,0.0,0,-0.002181661564992912,0.001090830782496456,0.001090830782496456,0.14,-0.29,9.41,18.25,-4.0625,-133.25
2026-04-28T22:55:39.976767,0.0,0.0,0.0,0,-0.001090830782496456,0.0,0.0,0.15,-0.29,9.4,18.6875,-4.375,-132.75
2026-04-28T22:55:41.602729,0.0,0.0,0.0,0,-0.001090830782496456,0.003272492347489368,0.001090830782496456,0.16,-0.28,9.41,19.75,-4.375,-132.75
2026-04-28T22:55:43.264480,0.0,0.0,0.0,0,0.0,-0.001090830782496456,0.0,0.12,-0.28,9.370000000000001,18.6875,-3.6875,-133.25
2026-04-28T22:55:44.910209,0.0,0.0,0.0,0,0.001090830782496456,-0.001090830782496456,-0.001090830782496456,0.12,-0.29,9.39,19.375,-3.6875,-133.25
2026-04-28T22:55:46.579461,0.0,0.0,0.0,0,0.001090830782496456,0.002181661564992912,0.0,0.11,-0.31,9.39,19.375,-3.6875,-133.6875
2026-04-28T22:55:48.230618,0.0,0.0,0.0,0,-0.03599741582238305,-0.08508480103472356,-0.004363323129985824,0.51,-0.5,9.39,8.1875,-0.6875,-79.375
2026-04-28T22:55:49.901316,0.0,0.0,0.0,0,0.0,-0.007635815477475192,0.006544984694978736,3.7600000000000002,-0.38,9.11,-7.5,-3.25,-56.0
2026-04-28T22:55:51.558673,0.0,0.0,0.0,0,-0.003272492347489368,0.6359543461954338,-0.07853981633974483,0.9400000000000001,-0.41000000000000003,9.84,-1.75,-3.25,-51.5
2026-04-28T22:55:53.251870,0.0,0.0,0.0,0,0.001090830782496456,-0.002181661564992912,0.001090830782496456,0.48,-0.36,9.81,1.5,-3.0625,-49.0
2026-04-28T22:55:54.911797,0.0,0.0,0.0,0,-0.002181661564992912,-0.002181661564992912,-0.002181661564992912,0.49,-0.38,9.81,0.0625,-4.25,-50.1875
2026-04-28T22:55:56.580223,0.0,0.0,0.0,0,-0.003272492347489368,0.001090830782496456,0.0,0.48,-0.36,9.8,-0.25,-3.875,-50.1875
2026-04-28T22:55:58.229389,0.0,0.0,0.0,0,0.0,0.0,0.001090830782496456,0.47000000000000003,-0.36,9.82,0.5,-3.875,-49.75
2026-04-28T22:55:59.872034,0.0,0.0,0.0,0,0.0,0.001090830782496456,0.0,0.0,0.0,0.0,0.75,-3.5,-49.75
2026-04-28T22:56:01.492294,0.0,0.0,0.0,0,0.0,-0.00545415391248228,-0.002181661564992912,0.43,-0.38,9.81,0.0625,-3.875,-50.5
2026-04-28T22:56:03.136645,0.0,0.0,0.0,0,-0.002181661564992912,0.002181661564992912,0.002181661564992912,0.45,-0.37,9.81,0.75,-3.5,-50.5625
2026-04-28T22:56:04.795739,0.0,0.0,0.0,0,0.0,0.002181661564992912,0.001090830782496456,0.46,-0.38,9.81,0.5,-5.0,-49.75
2026-04-28T22:56:06.439759,0.0,0.0,0.0,0,0.001090830782496456,-0.001090830782496456,0.001090830782496456,0.44,-0.36,9.8,0.5,-3.5,-50.1875
2026-04-28T22:56:08.100419,0.0,0.0,0.0,0,-0.001090830782496456,0.001090830782496456,0.001090830782496456,0.46,-0.37,9.81,-0.25,-3.875,-51.0
2026-04-28T22:56:09.762617,0.0,0.0,0.0,0,0.0,0.001090830782496456,0.003272492347489368,0.44,-0.37,9.82,1.1875,-4.5625,-49.75
2026-04-28T22:56:11.412079,0.0,0.0,0.0,0,0.0,0.001090830782496456,-0.001090830782496456,0.44,-0.37,9.790000000000001,0.5,-3.5,-49.75
2026-04-28T22:56:13.065433,0.0,0.0,0.0,0,-0.002181661564992912,-0.00545415391248228,0.001090830782496456,0.42,-0.38,9.82,-0.375,-3.875,-50.0625
2026-04-28T22:56:14.733074,0.0,0.0,0.0,0,0.0,-0.002181661564992912,0.0,0.42,-0.35000000000000003,9.75,0.0,-3.875,-51.25
2026-04-28T22:56:16.377650,0.0,0.0,0.0,0,-0.001090830782496456,0.0,0.001090830782496456,0.42,-0.35000000000000003,9.81,0.0,-3.5,-51.6875
2026-04-28T22:56:18.037312,0.0,0.0,0.0,0,0.001090830782496456,-0.00545415391248228,0.0,0.41000000000000003,-0.5,9.91,-0.375,-3.875,-49.6875
2026-04-28T22:56:19.704298,0.0,0.0,0.0,0,-0.001090830782496456,0.0,-0.001090830782496456,0.42,-0.39,9.84,0.6875,-3.5,-50.875
2026-04-28T22:56:21.358663,0.0,0.0,0.0,0,0.002181661564992912,-0.00545415391248228,0.0,0.42,-0.35000000000000003,9.76,0.375,-4.25,-49.6875
2026-04-28T22:56:23.021154,0.0,0.0,0.0,0,-0.001090830782496456,0.00545415391248228,-0.001090830782496456,0.44,-0.42,9.88,0.0,-3.875,-50.5625
2026-04-28T22:56:24.690365,0.0,0.0,0.0,0,0.002181661564992912,-0.001090830782496456,-0.002181661564992912,0.41000000000000003,-0.37,9.81,-0.375,-3.0625,-49.25
2026-04-28T22:56:26.378224,0.0,0.0,0.0,0,0.001090830782496456,-0.002181661564992912,-0.003272492347489368,0.42,-0.39,9.540000000000001,0.375,-3.5,-50.875
2026-04-28T22:56:28.056331,0.0,0.0,0.0,0,-0.002181661564992912,0.002181661564992912,0.0,0.42,-0.41000000000000003,9.790000000000001,0.6875,-3.875,-50.0625
2026-04-28T22:56:29.733742,0.0,0.0,0.0,0,-0.00545415391248228,0.002181661564992912,0.001090830782496456,0.43,-0.44,9.83,0.6875,-3.5,-50.0625
2026-04-28T22:56:31.400496,0.0,0.0,0.0,0,-0.002181661564992912,0.001090830782496456,-0.001090830782496456,0.4,-0.36,9.78,-0.375,-4.25,-49.6875
2026-04-28T22:56:33.069469,0.0,0.0,0.0,0,0.002181661564992912,-0.002181661564992912,0.001090830782496456,0.42,-0.36,9.8,0.6875,-3.5,-50.875
2026-04-28T22:56:34.730020,0.0,0.0,0.0,0,0.0,-0.002181661564992912,-0.001090830782496456,0.41000000000000003,-0.35000000000000003,9.8,-0.375,-4.25,-49.375
2026-04-28T22:56:36.408904,0.0,0.0,0.0,0,-0.002181661564992912,0.003272492347489368,0.0,0.42,-0.35000000000000003,9.8,1.0625,-4.25,-48.875
2026-04-28T22:56:38.067527,0.0,0.0,0.0,0,-0.002181661564992912,0.00545415391248228,0.002181661564992912,0.41000000000000003,-0.37,9.8,0.6875,-3.5,-50.5
2026-04-28T22:56:39.744075,0.0,0.0,0.0,0,0.0,0.001090830782496456,-0.002181661564992912,0.42,-0.4,9.83,19.0625,-3.25,-132.875
2026-04-28T22:56:41.389440,0.0,0.0,0.0,0,0.002181661564992912,-0.001090830782496456,-0.001090830782496456,0.4,-0.36,9.85,18.25,-3.25,-132.375
2026-04-28T22:56:43.056004,0.0,0.0,0.0,0,0.002181661564992912,-0.004363323129985824,-0.001090830782496456,0.4,-0.36,9.78,10.6875,-1.1875,-81.5625
2026-04-28T22:56:44.723598,0.0,0.0,0.0,0,0.004363323129985824,0.0,0.01090830782496456,0.4,-0.3,9.76,10.875,-1.5,-80.0
2026-04-28T22:56:46.366832,0.0,0.0,0.0,0,0.0,-0.004363323129985824,0.001090830782496456,0.31,-0.39,9.84,11.1875,-2.0,-80.25
2026-04-28T22:56:48.016892,0.0,0.0,0.0,0,-0.003272492347489368,0.0,0.00545415391248228,0.26,-0.42,9.85,11.5,-0.5625,-79.0625
2026-04-28T22:56:49.669884,0.0,0.0,0.0,0,-0.003272492347489368,0.0,0.001090830782496456,0.27,-0.35000000000000003,9.82,9.6875,-1.6875,-79.5
2026-04-28T22:56:51.336405,0.0,0.0,0.0,0,0.002181661564992912,0.003272492347489368,0.001090830782496456,0.3,-0.36,9.76,10.75,-0.1875,-80.25
2026-04-28T22:56:52.995972,0.0,0.0,0.0,0,0.001090830782496456,0.0,0.0,0.34,-0.35000000000000003,9.81,9.6875,-1.375,-79.5625
2026-04-28T22:56:54.641085,0.0,0.0,0.0,0,0.0,-0.002181661564992912,0.0,0.33,-0.36,9.81,10.75,-1.375,-79.5
2026-04-28T22:56:56.268303,0.0,0.0,0.0,0,0.0,0.002181661564992912,0.0,0.32,-0.37,9.84,10.25,-1.75,-79.5
2026-04-28T22:56:57.392830,0.0,0.0,0.0,0,0.001090830782496456,0.0,-0.003272492347489368,0.34,-0.35000000000000003,9.81,9.875,-2.5,-78.75
2026-04-28T22:56:58.554065,0.0,0.0,0.0,0,0.003272492347489368,0.0,-0.003272492347489368,0.34,-0.36,9.78,10.25,-1.5,-79.0625
2026-04-28T22:56:59.697328,0.0,0.0,0.0,0,-0.003272492347489368,-0.003272492347489368,0.002181661564992912,0.31,-0.36,9.83,9.25,-2.5625,-78.6875
2026-04-28T22:57:00.865314,0.0,0.0,0.0,0,0.0,-0.002181661564992912,0.0,0.35000000000000003,-0.35000000000000003,9.78,9.0,-3.25,-79.0
2026-04-28T22:57:02.023413,0.0,0.0,0.0,0,0.0,0.001090830782496456,-0.002181661564992912,0.32,-0.39,9.83,10.0625,-2.875,-79.5
2026-04-28T22:57:03.173277,0.0,0.0,0.0,0,0.0,0.002181661564992912,0.001090830782496456,0.34,-0.37,9.8,9.0,-2.5625,-77.5
2026-04-28T22:57:04.317756,0.0,0.0,0.0,0,0.001090830782496456,0.001090830782496456,-0.001090830782496456,0.32,-0.37,9.81,10.5,-3.25,-80.1875
2026-04-28T22:57:05.484857,0.0,0.0,0.0,0,-0.002181661564992912,0.0,0.003272492347489368,0.33,-0.38,9.86,9.375,-2.5625,-79.5
2026-04-28T22:57:06.629371,0.0,0.0,0.0,0,0.001090830782496456,0.003272492347489368,-0.001090830782496456,0.33,-0.38,9.77,10.0625,-2.875,-79.375
2026-04-28T22:57:07.796411,0.0,0.0,0.0,0,-0.002181661564992912,0.001090830782496456,0.0,0.32,-0.37,9.84,10.0625,-2.5625,-79.75
2026-04-28T22:57:08.949930,0.0,0.0,0.0,0,0.2923426497090502,-0.29888763440402893,-0.07963064712224129,1.45,-0.56,8.83,9.0,-2.75,-78.1875
2026-04-28T22:57:10.111868,0.0,0.0,0.0,0,0.001090830782496456,-0.03599741582238305,-0.003272492347489368,2.72,-0.52,9.540000000000001,-5.0,-1.5625,-61.375
2026-04-28T22:57:11.288697,0.0,0.0,0.0,0,0.008726646259971648,-0.3076142806640006,0.026179938779914945,1.6500000000000001,-0.56,9.71,-5.25,-4.6875,-51.0
2026-04-28T22:57:12.464899,0.0,0.0,0.0,0,0.006544984694978736,0.009817477042468103,-0.05235987755982989,0.43,-0.38,9.56,-2.0625,-4.5,-51.5
2026-04-28T22:57:13.624992,0.0,0.0,0.0,0,0.002181661564992912,0.003272492347489368,0.0,0.24,-0.4,9.84,-1.1875,-4.6875,-50.6875
2026-04-28T22:57:14.776264,0.0,0.0,0.0,0,0.001090830782496456,0.001090830782496456,0.001090830782496456,0.27,-0.35000000000000003,9.8,-2.25,-4.25,-51.0625
2026-04-28T22:57:15.954599,0.0,0.0,0.0,0,0.0,0.002181661564992912,0.0,0.3,-0.38,9.83,-1.875,-4.0,-51.5
2026-04-28T22:57:17.081863,0.0,0.0,0.0,0,0.001090830782496456,0.002181661564992912,-0.002181661564992912,0.29,-0.36,9.82,-1.1875,-4.6875,-51.5
2026-04-28T22:57:18.248346,0.0,0.0,0.0,0,-0.002181661564992912,0.001090830782496456,-0.001090830782496456,0.28,-0.37,9.83,-1.1875,-5.5,-51.0625
2026-04-28T22:57:19.416703,0.0,0.0,0.0,0,0.001090830782496456,0.0,0.002181661564992912,0.29,-0.38,9.870000000000001,-1.1875,-5.5,-51.0
2026-04-28T22:57:20.576562,0.0,0.0,0.0,0,-0.001090830782496456,0.004363323129985824,-0.002181661564992912,0.31,-0.37,9.81,-1.5625,-4.6875,-51.0625
2026-04-28T22:57:21.744083,0.0,0.0,0.0,0,0.002181661564992912,0.007635815477475192,-0.004363323129985824,0.3,-0.39,9.8,-0.375,-4.25,-51.5
2026-04-28T22:57:22.905226,0.0,0.0,0.0,0,0.0,-0.001090830782496456,0.001090830782496456,0.27,-0.38,9.83,-1.1875,-4.6875,-49.5
2026-04-28T22:57:24.057894,0.0,0.0,0.0,0,0.001090830782496456,0.002181661564992912,0.003272492347489368,0.28,-0.38,9.83,-1.5625,-4.25,-51.5
2026-04-28T22:57:25.224245,0.0,0.0,0.0,0,0.002181661564992912,0.001090830782496456,0.0,0.26,-0.4,9.82,-0.75,-4.6875,-51.5
2026-04-28T22:57:26.369252,0.0,0.0,0.0,0,0.001090830782496456,0.004363323129985824,0.0,0.26,-0.36,9.83,-1.875,-5.0625,-51.0
2026-04-28T22:57:27.512954,0.0,0.0,0.0,0,0.001090830782496456,-0.003272492347489368,0.0,0.26,-0.37,9.82,-1.875,-5.0625,-52.6875
2026-04-28T22:57:28.665637,0.0,0.0,0.0,0,0.0,-0.003272492347489368,-0.002181661564992912,0.28,-0.38,9.8,-0.375,-4.25,-51.75
2026-04-28T22:57:29.809980,0.0,0.0,0.0,0,0.0,0.001090830782496456,-0.001090830782496456,0.27,-0.36,9.84,-1.1875,-4.6875,-51.0
2026-04-28T22:57:30.959792,0.0,0.0,0.0,0,0.0,0.0,-0.002181661564992912,0.29,-0.39,9.85,-1.1875,-5.5,-51.75
2026-04-28T22:57:32.087601,0.0,0.0,0.0,0,0.0,0.003272492347489368,0.004363323129985824,0.28,-0.38,9.81,-0.75,-4.6875,-51.0
2026-04-28T22:57:33.232515,0.0,0.0,0.0,0,-0.001090830782496456,0.003272492347489368,0.001090830782496456,0.28,-0.35000000000000003,9.83,-0.75,-4.6875,-51.75
2026-04-28T22:57:34.416279,0.0,0.0,0.0,0,0.0,0.0,-0.001090830782496456,0.29,-0.37,9.84,-0.75,-4.6875,-50.6875
2026-04-28T22:57:35.548379,0.0,0.0,0.0,0,0.0,-0.003272492347489368,-0.001090830782496456,0.28,-0.4,9.84,-0.75,-4.25,-51.75
2026-04-28T22:57:36.692285,0.0,0.0,0.0,0,0.001090830782496456,0.0,0.002181661564992912,0.24,-0.39,9.78,-2.5625,-4.875,-51.1875
2026-04-28T22:57:37.845407,0.0,0.0,0.0,0,0.0,0.001090830782496456,0.003272492347489368,0.32,-0.37,9.78,-3.0,-4.5,-50.75
2026-04-28T22:57:38.989188,0.0,0.0,0.0,0,0.001090830782496456,-0.002181661564992912,-0.001090830782496456,0.27,-0.37,9.870000000000001,-2.5625,-4.875,-50.5
2026-04-28T22:57:40.174697,0.0,0.0,0.0,0,-0.001090830782496456,-0.001090830782496456,0.001090830782496456,0.26,-0.37,9.76,14.6875,-2.875,-131.375
2026-04-28T22:57:41.344889,0.0,0.0,0.0,0,-0.001090830782496456,0.0,0.0,0.32,-0.43,9.89,15.0625,-3.25,-130.1875
2026-04-28T22:57:42.514128,0.0,0.0,0.0,0,0.001090830782496456,0.001090830782496456,-0.003272492347489368,0.28,-0.37,9.85,16.0625,-2.875,-129.75
2026-04-28T22:57:43.680560,0.0,0.0,0.0,0,-0.002181661564992912,0.0,0.0,0.23,-0.37,9.870000000000001,15.375,-2.5625,-130.5625
2026-04-28T22:57:44.825986,0.0,0.0,0.0,0,0.0,0.003272492347489368,0.001090830782496456,0.3,-0.38,9.81,14.6875,-2.5625,-130.875
2026-04-28T22:57:45.977249,0.0,0.0,0.0,0,0.001090830782496456,-0.001090830782496456,-0.002181661564992912,0.3,-0.35000000000000003,9.97,14.6875,-3.25,-130.875
2026-04-28T22:57:47.164377,0.0,0.0,0.0,0,-0.001090830782496456,-0.004363323129985824,-0.002181661564992912,0.27,-0.38,9.8,15.375,-2.875,-130.875
2026-04-28T22:57:48.332616,0.0,0.0,0.0,0,0.001090830782496456,-0.001090830782496456,-0.001090830782496456,0.29,-0.42,9.83,15.375,-3.25,-130.1875
2026-04-28T22:57:49.501885,0.0,0.0,0.0,0,0.0,-0.002181661564992912,0.002181661564992912,0.27,-0.4,9.8,15.375,-2.875,-129.75
2026-04-28T22:57:50.653844,0.0,0.0,0.0,0,0.001090830782496456,-0.003272492347489368,-0.001090830782496456,0.29,-0.36,9.84,15.375,-3.6875,-130.875
2026-04-28T22:57:51.821701,0.0,0.0,0.0,0,-0.001090830782496456,0.003272492347489368,0.001090830782496456,0.31,-0.38,9.790000000000001,14.6875,-3.25,-130.0625
2026-04-28T22:57:53.005185,0.0,0.0,0.0,0,0.002181661564992912,0.001090830782496456,-0.001090830782496456,0.28,-0.37,9.84,13.875,-3.25,-130.875
2026-04-28T22:57:54.172909,0.0,0.0,0.0,0,0.0,-0.003272492347489368,0.002181661564992912,0.3,-0.38,9.81,15.0625,-2.875,-129.75
2026-04-28T22:57:55.325124,0.0,0.0,0.0,0,-0.001090830782496456,0.001090830782496456,-0.001090830782496456,0.29,-0.38,9.8,15.75,-2.875,-128.875
2026-04-28T22:57:56.492747,0.0,0.0,0.0,0,-0.001090830782496456,0.00545415391248228,-0.002181661564992912,0.29,-0.39,9.81,15.375,-2.5625,-130.5625
2026-04-28T22:57:57.660431,0.0,0.0,0.0,0,0.001090830782496456,0.002181661564992912,0.001090830782496456,0.27,-0.38,9.82,15.0625,-3.25,-130.5625
2026-04-28T22:57:58.829447,0.0,0.0,0.0,0,0.0,0.0,0.0,0.29,-0.39,9.83,15.0625,-2.5625,-130.5625
2026-04-28T22:57:59.944840,0.0,0.0,0.0,0,0.0,-0.004363323129985824,-0.001090830782496456,0.29,-0.37,9.8,14.6875,-2.875,-130.875
2026-04-28T23:02:37.268671,0.0,0.0,0.0,0,0.001090830782496456,0.0,0.0,0.11,-0.35000000000000003,9.4,16.0625,-3.6875,-132.0
2026-04-28T23:02:38.417515,0.0,0.0,0.0,0,0.002181661564992912,0.0,0.0,0.13,-0.38,9.39,16.0625,-2.5625,-130.0
2026-04-28T23:02:39.563532,0.0,0.0,0.0,0,0.0,-0.002181661564992912,0.001090830782496456,0.15,-0.36,9.42,15.375,-2.5625,-130.875
2026-04-28T23:02:40.727301,0.0,0.0,0.0,0,-0.002181661564992912,0.004363323129985824,0.003272492347489368,0.12,-0.37,9.41,15.0625,-2.5625,-129.6875
2026-04-28T23:02:41.922561,36.138228,-97.06669,275.7,4,0.001090830782496456,-0.002181661564992912,0.003272492347489368,0.11,-0.37,9.36,15.375,-2.5625,-130.375
2026-04-28T23:02:43.126087,36.138228,-97.06669,275.7,4,0.3108867730114899,0.015271630954950384,-0.00545415391248228,0.25,0.07,9.38,4.875,-5.0,-76.75
2026-04-28T23:02:44.303618,36.138228,-97.06669,275.7,4,0.0,0.0,0.0,0.0,0.0,0.0,0.0,0.0,0.0
2026-04-28T23:02:45.414439,36.138228,-97.06669,275.7,4,0.0,0.0,0.0,0.0,0.0,0.0,0.0,0.0,0.0
2026-04-28T23:02:46.529454,36.138228,-97.06669,275.7,4,0.0,0.0,0.0,0.0,0.0,0.0,0.0,0.0,0.0
2026-04-28T23:02:47.639250,36.138228,-97.06669,275.7,4,0.0,0.0,0.0,0.0,0.0,0.0,0.0,0.0,0.0
2026-04-28T23:02:48.758109,36.138228,-97.06669,275.7,4,0.0,0.0,0.0,0.0,0.0,0.0,0.0,0.0,0.0
2026-04-28T23:02:49.882116,36.138228,-97.06669,275.7,4,0.0,0.0,0.0,0.0,0.0,0.0,0.0,0.0,0.0
2026-04-28T23:02:51.003555,36.138228,-97.06669,275.7,4,0.0,0.0,0.0,0.0,0.0,0.0,0.0,0.0,0.0
2026-04-28T23:02:52.125332,36.138228,-97.06669,275.7,4,0.0,0.0,0.0,0.0,0.0,0.0,0.0,0.0,0.0
2026-04-28T23:02:53.244935,36.138228,-97.06669,275.7,4,0.0,0.0,0.0,0.0,0.0,0.0,0.0,0.0,0.0
2026-04-28T23:02:54.369456,36.138228,-97.06669,275.7,4,0.0,0.0,0.0,0.0,0.0,0.0,0.0,0.0,0.0
2026-04-28T23:02:55.492066,36.138228,-97.06669,275.7,4,0.0,0.0,0.0,0.0,0.0,0.0,0.0,0.0,0.0
2026-04-28T23:02:56.614339,36.138228,-97.06669,275.7,4,0.0,0.0,0.0,0.0,0.0,0.0,0.0,0.0,0.0
2026-04-28T23:02:57.734357,36.138228,-97.06669,275.7,4,0.0,0.0,0.0,0.0,0.0,0.0,0.0,0.0,0.0
2026-04-28T23:02:58.857747,36.138228,-97.06669,275.7,4,0.0,0.0,0.0,0.0,0.0,0.0,0.0,0.0,0.0
2026-04-28T23:02:59.976286,36.138228,-97.06669,275.7,4,0.0,0.0,0.0,0.0,0.0,0.0,0.0,0.0,0.0
2026-04-28T23:03:06.879339,0.0,0.0,0.0,0,0.0,-0.002181661564992912,-0.001090830782496456,0.14,-0.34,9.39,16.5,-4.375,-131.375
2026-04-28T23:03:08.038335,0.0,0.0,0.0,0,0.0,0.0,-0.002181661564992912,0.12,-0.36,9.4,16.0625,-2.5625,-128.25
2026-04-28T23:03:09.186106,0.0,0.0,0.0,0,0.001090830782496456,-0.004363323129985824,-0.001090830782496456,0.07,-0.27,9.36,15.375,-2.875,-129.5625
2026-04-28T23:03:10.361710,0.0,0.0,0.0,0,0.0,0.002181661564992912,0.0,0.13,-0.34,9.38,15.375,-2.875,-128.75
2026-04-28T23:03:11.505279,0.0,0.0,0.0,0,-0.001090830782496456,0.006544984694978736,-0.003272492347489368,0.12,-0.36,9.44,15.0625,-2.25,-128.75
2026-04-28T23:03:12.689076,0.0,0.0,0.0,0,0.001090830782496456,-0.001090830782496456,0.002181661564992912,0.12,-0.33,9.4,15.75,-2.875,-130.375
2026-04-28T23:03:13.874572,0.0,0.0,0.0,0,0.001090830782496456,0.0,0.0,0.16,-0.36,9.43,15.75,-3.25,-128.0625
2026-04-28T23:03:15.013291,0.0,0.0,0.0,0,0.0,-0.2945243112740431,-0.11235557059713497,0.07,-0.56,9.450000000000001,7.5625,-1.6875,-77.0625
2026-04-28T23:03:16.190418,0.0,0.0,0.0,0,-0.4145156973486533,0.1810779098944117,0.15817046346198613,0.43,-5.46,7.3,5.75,0.75,-45.1875
2026-04-28T23:03:17.362129,0.0,0.0,0.0,0,-0.08617563181722002,-0.011999138607461015,0.006544984694978736,0.5,-8.700000000000001,4.62,4.0625,18.75,-36.1875
2026-04-28T23:03:18.561773,0.0,0.0,0.0,0,0.09926560120717749,0.23889194136672387,0.6326818538479445,-0.17,-9.64,3.79,4.1875,23.5,-32.0
2026-04-28T23:03:19.736158,0.0,0.0,0.0,0,-0.2279836335417593,0.1559888018969932,0.18216874067690814,-5.09,-7.24,3.83,17.5625,15.375,-41.375
2026-04-28T23:03:20.915037,0.0,0.0,0.0,0,0.1636246173744684,-0.032724923474893676,0.2279836335417593,-6.44,-6.83,2.65,24.5,13.6875,-37.0625
2026-04-28T23:03:22.089735,0.0,0.0,0.0,0,1.5991579271398044,-0.26616271092913524,-0.022907446432425576,-5.86,-2.73,6.57,20.0625,-5.375,-43.6875
2026-04-28T23:03:23.274641,0.0,0.0,0.0,0,0.8039422866998881,-0.22689280275926285,0.3785182815262702,-4.15,2.83,6.98,10.0625,-28.75,-23.5625
2026-04-28T23:03:24.449216,0.0,0.0,0.0,0,-0.7221299780126539,-0.04036073895236887,-0.13199052468207118,1.74,0.8,8.88,-12.875,-28.375,-24.875
2026-04-28T23:03:25.635153,0.0,0.0,0.0,0,0.017453292519943295,-0.032724923474893676,0.07853981633974483,0.46,-0.21,9.290000000000001,-7.25,-21.75,-31.1875
2026-04-28T23:03:26.827764,0.0,0.0,0.0,0,0.001090830782496456,0.002181661564992912,0.0,0.51,-0.22,9.450000000000001,-4.5625,-21.375,-32.75
2026-04-28T23:03:28.006703,0.0,0.0,0.0,0,0.0,0.0,-0.001090830782496456,0.51,-0.08,9.77,-4.1875,-21.75,-33.0625
2026-04-28T23:04:45.103384,36.138393,-97.066435,275.4,4,0.0,0.0,-0.004363323129985824,0.11,-0.38,9.44,16.5,-4.375,-133.1875
2026-04-28T23:04:46.271543,36.138393,-97.066435,275.4,4,0.001090830782496456,0.001090830782496456,-0.001090830782496456,0.12,-0.36,9.44,16.875,-3.6875,-130.875
2026-04-28T23:04:47.464615,36.138393,-97.066435,275.4,4,0.002181661564992912,0.001090830782496456,-0.002181661564992912,0.08,-0.35000000000000003,9.4,17.25,-2.5625,-130.0625
2026-04-28T23:04:49.097629,36.138326,-97.066563,275.4,4,-0.001090830782496456,0.001090830782496456,0.10253809355466686,-0.44,-0.6,9.52,8.875,-3.0,-77.6875
2026-04-28T23:04:50.301679,36.138325,-97.066543,275.4,5,-0.06654067773228381,0.050178215994836975,-0.06981317007977318,0.48,-4.96,8.33,3.875,-1.375,-52.1875
2026-04-28T23:04:51.514564,36.138325,-97.066543,275.4,5,-0.23561944901923448,0.35015668118136234,-0.6174102228929941,-3.41,-1.2,8.72,8.0,-16.25,-46.5625
2026-04-28T23:04:52.721086,36.138325,-97.066543,275.4,5,0.028361600344907856,0.09053895494720585,-0.022907446432425576,-0.43,-1.23,9.3,-2.5,-16.875,-44.75
2026-04-28T23:04:53.922365,36.138325,-97.066543,275.4,5,-0.3981532356112064,0.17562375598192942,0.29670597283903605,-0.29,-3.41,8.6,-6.5,-11.25,-45.0625
2026-04-28T23:04:55.128894,36.138325,-97.066543,275.4,5,0.5868669609830933,-0.001090830782496456,-0.026179938779914945,-0.9,-5.15,8.3,-3.1875,-2.375,-46.25
2026-04-28T23:04:56.339462,36.138325,-97.066543,275.4,5,0.13744467859455345,0.07635815477475191,0.025089107997418487,-1.21,1.74,9.55,-0.1875,-29.875,-27.75
2026-04-28T23:04:57.544875,36.138325,-97.066543,275.4,5,0.11126473981463851,-0.04690572364734761,0.03490658503988659,0.31,3.46,8.56,-4.25,-34.75,-17.0
2026-04-28T23:04:58.746906,36.138325,-97.066543,275.4,5,-0.15707963267948966,-0.11235557059713497,0.10581058590215622,1.05,2.89,8.950000000000001,-7.5625,-34.25,-19.875
2026-04-28T23:04:59.966867,36.138325,-97.066543,275.4,5,-0.15489797111449674,-0.2748893571891069,0.1090830782496456,2.52,0.93,9.39,-11.0625,-28.875,-26.1875
2026-04-28T23:05:01.168499,36.138325,-97.066543,275.4,5,-0.36979163526629855,0.24980024919168842,0.2977968036215325,3.13,-4.83,8.58,-19.6875,-9.875,-35.0625
2026-04-28T23:05:02.378642,36.138304,-97.066421,275.4,5,-0.15162547876700738,-0.3523383427463553,-0.4177881896961426,0.15,-1.61,11.01,-2.75,-21.0625,-35.75
2026-04-28T23:05:03.580067,36.138304,-97.066421,275.4,5,-0.08835729338221293,0.978475211899321,0.3948807432637171,2.04,-0.5,19.39,-4.75,-23.0,-31.0625
2026-04-28T23:05:04.782393,36.1383,-97.066391,275.4,5,-0.001090830782496456,0.002181661564992912,0.0,0.16,0.0,9.82,-3.6875,-21.875,-32.6875
2026-04-28T23:05:05.973994,36.1383,-97.066391,275.4,5,0.001090830782496456,0.0,-0.001090830782496456,0.16,-0.01,9.81,-4.75,-21.0625,-32.25
2026-04-28T23:05:07.158350,36.138295,-97.066376,275.4,5,0.0,-0.002181661564992912,-0.001090830782496456,0.18,0.0,9.78,-5.1875,-21.875,-33.0625
2026-04-28T23:05:08.348932,36.138295,-97.066376,275.4,5,0.001090830782496456,0.0,0.002181661564992912,0.17,-0.01,9.8,-4.0625,-21.875,-32.25
2026-04-28T23:05:09.536031,36.138291,-97.066365,275.4,5,0.003272492347489368,0.001090830782496456,0.001090830782496456,0.16,0.02,9.790000000000001,-4.75,-21.875,-32.6875
2026-04-28T23:05:10.752273,36.138291,-97.066365,275.4,5,0.002181661564992912,-0.002181661564992912,0.0,0.17,0.0,9.8,-4.75,-21.875,-32.6875
2026-04-28T23:05:11.937654,36.138291,-97.066365,275.4,5,0.002181661564992912,0.002181661564992912,-0.002181661564992912,0.18,0.0,9.790000000000001,-5.1875,-21.875,-33.5
2026-04-28T23:05:13.160031,36.138291,-97.066365,275.4,5,-0.001090830782496456,0.0,0.002181661564992912,0.16,-0.01,9.78,-4.5,-21.875,-33.0
2026-04-28T23:05:14.346699,36.138291,-97.066365,275.4,5,0.0,-0.003272492347489368,-0.001090830782496456,0.16,0.0,9.790000000000001,-3.6875,-21.875,-32.25
2026-04-28T23:05:15.549981,36.138291,-97.066365,275.4,5,0.0,0.001090830782496456,0.001090830782496456,0.18,0.02,10.040000000000001,-4.0625,-22.25,-32.6875
2026-04-28T23:05:16.754094,36.138291,-97.066365,275.4,5,-0.002181661564992912,-0.001090830782496456,-0.001090830782496456,0.18,0.0,9.8,-4.0625,-21.5,-32.6875
2026-04-28T23:05:17.964028,36.138291,-97.066365,275.4,5,0.0,-0.001090830782496456,0.0,0.17,0.0,9.78,-4.75,-21.875,-33.75
2026-04-28T23:05:19.134629,36.138291,-97.066365,275.4,5,-0.001090830782496456,0.003272492347489368,0.0,0.18,-0.02,9.77,-5.1875,-22.25,-32.6875
2026-04-28T23:05:20.327799,36.138291,-97.066365,275.4,5,0.0,0.001090830782496456,-0.001090830782496456,0.18,0.0,9.77,-4.75,-21.5,-33.0625
2026-04-28T23:05:21.518645,36.138291,-97.066365,275.4,5,-0.002181661564992912,0.001090830782496456,0.001090830782496456,0.17,-0.02,9.790000000000001,-4.0625,-21.5,-33.5
2026-04-28T23:05:22.739434,36.138291,-97.066365,275.4,5,-0.001090830782496456,-0.003272492347489368,-0.002181661564992912,0.19,-0.03,9.790000000000001,-4.0625,-21.5,-33.5
2026-04-28T23:05:23.957555,36.138291,-97.066365,275.4,5,0.002181661564992912,-0.002181661564992912,0.002181661564992912,0.16,-0.02,9.8,-5.5,-21.875,-32.25
2026-04-28T23:05:25.159226,36.138291,-97.066365,275.4,5,0.0,-0.001090830782496456,-0.002181661564992912,0.17,-0.01,9.8,-4.75,-22.25,-33.5
2026-04-28T23:05:26.348455,36.138291,-97.066365,275.4,5,0.002181661564992912,-0.004363323129985824,0.001090830782496456,0.18,-0.03,9.77,-4.0625,-21.5,-33.75
2026-04-28T23:05:27.558699,36.138291,-97.066365,275.4,5,-0.001090830782496456,0.001090830782496456,0.001090830782496456,0.19,-0.02,9.77,-4.5,-21.5,-33.0625
2026-04-28T23:05:28.763578,36.138291,-97.066365,275.4,5,0.0,-0.001090830782496456,-0.001090830782496456,0.18,-0.01,9.790000000000001,-5.1875,-21.5,-32.25
2026-04-28T23:05:29.968451,36.138291,-97.066365,275.4,5,0.001090830782496456,-0.001090830782496456,-0.001090830782496456,0.18,0.0,9.790000000000001,-5.1875,2026.125,-33.0625
2026-04-28T23:05:31.195139,36.138291,-97.066365,275.4,5,-0.002181661564992912,0.0,0.001090830782496456,0.19,-0.02,9.83,-5.875,-21.5,-32.6875
2026-04-28T23:05:32.381400,36.138291,-97.066365,275.4,5,-0.001090830782496456,0.002181661564992912,0.002181661564992912,0.16,0.0,9.76,-4.5,-21.875,-32.6875
2026-04-28T23:05:33.593416,36.138291,-97.066365,275.4,5,0.003272492347489368,0.001090830782496456,-0.002181661564992912,0.0,0.0,0.0,-4.0625,-21.875,-33.5
2026-04-28T23:05:34.795915,36.138291,-97.066365,275.4,5,-0.001090830782496456,0.001090830782496456,0.0,0.19,0.0,9.8,-5.1875,-22.25,-33.0625
2026-04-28T23:05:35.983814,36.138291,-97.066365,275.4,4,-0.001090830782496456,0.0,0.001090830782496456,0.18,-0.02,9.81,-4.5,-21.5,-33.5
2026-04-28T23:05:37.168975,36.138291,-97.066365,275.4,4,0.001090830782496456,0.002181661564992912,0.0,0.17,-0.02,9.8,-4.75,-21.875,-34.1875
2026-04-28T23:05:38.357326,36.138291,-97.066365,275.4,5,0.001090830782496456,0.0,0.001090830782496456,0.18,0.0,9.77,-4.0625,-21.5,-33.0
2026-04-28T23:05:39.542000,36.138291,-97.066365,275.4,5,-0.001090830782496456,0.0,-0.001090830782496456,0.18,-0.03,9.75,-4.5,-21.0625,-33.75
2026-04-28T23:05:40.734776,36.138291,-97.066365,275.4,5,0.0,-0.001090830782496456,-0.001090830782496456,0.17,-0.03,9.77,-5.1875,-21.875,-33.75
2026-04-28T23:05:41.930996,36.138291,-97.066365,275.4,5,0.001090830782496456,0.0,-0.001090830782496456,0.19,0.0,9.78,-4.75,-22.5625,-33.75
2026-04-28T23:05:43.118627,36.138291,-97.066365,275.4,5,-0.002181661564992912,0.00545415391248228,0.001090830782496456,0.13,0.0,9.77,-5.1875,-21.875,-33.375
2026-04-28T23:05:44.322826,36.138291,-97.066365,275.4,5,0.0,0.002181661564992912,0.002181661564992912,0.14,0.0,9.74,-4.75,-22.25,-33.0625
2026-04-28T23:05:45.507561,36.138291,-97.066365,275.4,5,0.001090830782496456,-0.00545415391248228,0.0,0.19,-0.03,9.82,-5.1875,-21.875,-32.6875
2026-04-28T23:05:46.713439,36.138291,-97.066365,275.4,5,0.001090830782496456,-0.001090830782496456,-0.001090830782496456,0.2,-0.03,9.8,15.75,-3.6875,-129.75
2026-04-28T23:05:47.923341,36.138308,-97.066835,275.0,4,-0.001090830782496456,0.001090830782496456,0.0,0.19,-0.02,9.77,15.0625,-3.6875,-130.5625
2026-04-28T23:05:49.117337,36.138308,-97.066835,275.0,4,0.0,-0.003272492347489368,-0.001090830782496456,0.17,-0.01,9.8,15.375,-4.0625,-130.0625
2026-04-28T23:05:50.312284,36.138308,-97.066835,275.0,4,-0.001090830782496456,0.006544984694978736,0.0,0.0,0.0,0.0,16.0625,-3.6875,-131.375
2026-04-28T23:05:51.498615,36.138308,-97.066835,275.0,4,0.003272492347489368,0.0,0.0,0.17,-0.01,9.78,15.75,-4.0625,-130.5625
2026-04-28T23:05:52.675404,36.138308,-97.066835,275.0,4,0.0,-0.002181661564992912,-0.002181661564992912,0.19,0.0,9.82,16.0625,-4.0625,-130.0625
2026-04-28T23:05:53.869948,36.138308,-97.066835,275.0,4,-0.004363323129985824,-0.006544984694978736,0.002181661564992912,0.15,-0.05,9.76,10.5,-1.5625,-79.75
2026-04-28T23:05:55.075424,36.138308,-97.066835,275.0,4,-0.002181661564992912,-0.002181661564992912,0.0,0.21,-0.08,9.82,10.0625,-3.0625,-78.1875
2026-04-28T23:05:56.269956,36.138308,-97.066835,275.0,4,-0.002181661564992912,0.0,-0.002181661564992912,0.21,-0.09,9.790000000000001,9.0625,-2.375,-79.0
2026-04-28T23:05:57.474415,36.138308,-97.066835,275.0,4,-0.001090830782496456,0.0,0.002181661564992912,0.19,-0.11,9.78,10.0625,-1.25,-79.0
2026-04-28T23:05:58.658971,36.138308,-97.066835,275.0,4,-0.001090830782496456,-0.002181661564992912,-0.001090830782496456,0.2,-0.08,9.8,10.5,-2.75,-80.0625
2026-04-28T23:05:59.861925,36.138308,-97.066835,275.0,4,-0.002181661564992912,-0.002181661564992912,0.001090830782496456,0.2,-0.09,9.77,10.5,-1.5625,-79.25
2026-04-28T23:06:01.069979,36.138308,-97.066835,275.0,4,-0.002181661564992912,0.001090830782496456,0.0,0.19,-0.08,9.78,10.5,-3.0625,-79.6875
2026-04-28T23:06:02.262713,36.138308,-97.066835,275.0,4,0.0,-0.002181661564992912,0.001090830782496456,0.21,-0.05,9.8,10.5,-2.0,-79.6875
2026-04-28T23:06:03.454347,36.138308,-97.066835,275.0,4,-0.001090830782496456,0.004363323129985824,-0.001090830782496456,0.19,-0.07,9.75,10.0625,-1.5625,-79.25
2026-04-28T23:06:04.666434,36.138351,-97.066778,275.2,3,0.001090830782496456,0.001090830782496456,-0.002181661564992912,0.21,-0.08,9.77,9.75,-2.75,-79.0
2026-04-28T23:06:05.871337,36.138351,-97.066778,275.2,3,0.0,-0.001090830782496456,0.0,0.2,-0.08,9.790000000000001,9.0625,-2.375,-78.5625
2026-04-28T23:06:07.061549,36.138348,-97.066775,275.2,3,0.001090830782496456,0.001090830782496456,-0.003272492347489368,0.2,-0.08,9.8,9.75,-2.75,-79.75
2026-04-28T23:06:08.266750,36.138348,-97.066775,275.2,3,0.001090830782496456,-0.001090830782496456,-0.001090830782496456,0.19,-0.08,9.78,10.0625,-2.375,-79.0
2026-04-28T23:06:09.481324,36.138328,-97.066764,275.2,3,0.0,0.004363323129985824,-0.001090830782496456,0.18,-0.08,9.73,10.5,-3.0625,-79.75
2026-04-28T23:06:10.667116,36.138328,-97.066764,275.2,3,0.0,0.0,0.002181661564992912,0.17,-0.09,9.78,9.75,-2.375,-80.0625
2026-04-28T23:06:11.839458,36.138345,-97.066764,275.2,4,0.001090830782496456,0.001090830782496456,0.001090830782496456,0.2,-0.09,9.790000000000001,9.75,-2.0,-79.6875
2026-04-28T23:06:13.097168,36.138345,-97.066764,275.2,4,0.0,0.0,-0.001090830782496456,0.2,-0.08,9.78,9.75,-2.375,-79.0
2026-04-28T23:06:14.261185,36.13835,-97.066744,275.2,4,0.001090830782496456,-0.004363323129985824,0.002181661564992912,0.2,-0.1,9.77,10.0625,-2.0,-79.25
2026-04-28T23:06:15.459688,36.13835,-97.066744,275.2,4,-0.001090830782496456,0.001090830782496456,0.0,0.18,-0.1,9.81,10.0625,-2.375,-77.75
2026-04-28T23:06:16.642998,36.138336,-97.066673,275.3,3,-0.001090830782496456,0.002181661564992912,-0.001090830782496456,0.19,-0.09,9.83,10.0625,-2.0,-78.5625
2026-04-28T23:06:17.849458,36.138336,-97.066673,275.3,3,0.0,-0.001090830782496456,0.001090830782496456,0.2,-0.09,9.8,9.0625,-2.0,-79.25
2026-04-28T23:06:19.033304,36.138333,-97.06666,275.3,3,0.003272492347489368,-0.002181661564992912,-0.001090830782496456,0.18,-0.1,9.76,8.6875,-2.75,-78.5625
2026-04-28T23:06:20.243297,36.138333,-97.06666,275.3,3,-0.002181661564992912,0.003272492347489368,0.0,0.18,-0.09,9.790000000000001,10.0625,-2.0,-79.0
2026-04-28T23:06:21.447231,36.138341,-97.066633,275.3,3,0.002181661564992912,-0.001090830782496456,0.0,0.18,-0.1,9.8,9.75,-1.5625,-79.6875
2026-04-28T23:06:22.631349,36.138341,-97.066633,275.3,3,0.0,0.003272492347489368,0.002181661564992912,0.19,-0.08,9.76,9.375,-2.0,-79.0
2026-04-28T23:06:23.822816,36.13834,-97.06664,275.3,2,-0.003272492347489368,0.0,-0.003272492347489368,0.22,-0.09,9.78,9.75,-2.375,-78.5
2026-04-28T23:06:24.999436,36.13834,-97.06664,275.3,2,0.0,-0.001090830782496456,0.0,0.19,-0.07,9.790000000000001,9.75,-2.0,-79.6875
2026-04-28T23:06:26.168575,36.13834,-97.06664,275.3,2,0.001090830782496456,0.001090830782496456,-0.001090830782496456,0.18,-0.09,9.76,10.5,-2.0,-78.0625
2026-04-28T23:06:27.363255,36.13834,-97.06664,275.3,2,0.0,-0.001090830782496456,-0.002181661564992912,0.2,-0.1,9.81,9.375,-2.0,-79.25
2026-04-28T23:06:28.531417,36.13834,-97.06664,275.3,2,0.003272492347489368,-0.002181661564992912,-0.001090830782496456,0.2,-0.1,9.81,9.75,-2.75,-77.6875
2026-04-28T23:06:29.728115,36.13834,-97.06664,275.3,2,0.0,-0.004363323129985824,-0.001090830782496456,0.18,-0.1,9.790000000000001,9.75,-2.375,-78.5
2026-04-28T23:06:30.913624,36.13834,-97.06664,275.3,2,-0.001090830782496456,0.003272492347489368,0.0,0.19,-0.09,9.76,10.5,-2.0,-79.0
2026-04-28T23:06:32.090015,36.13834,-97.06664,275.3,2,-0.001090830782496456,0.001090830782496456,0.001090830782496456,0.2,-0.1,9.76,9.375,-1.25,-79.25
2026-04-28T23:06:33.283316,36.13834,-97.06664,275.3,2,0.0,-0.001090830782496456,-0.002181661564992912,0.2,-0.07,9.78,9.75,-2.75,-78.5
2026-04-28T23:06:34.463111,36.13834,-97.06664,275.3,2,-0.001090830782496456,0.002181661564992912,0.0,0.21,-0.08,9.790000000000001,9.75,-2.375,-79.6875
2026-04-28T23:06:35.654049,36.13834,-97.06664,275.3,2,0.0,0.0,-0.001090830782496456,0.18,-0.11,9.77,9.75,-2.375,-78.0625
2026-04-28T23:06:36.817537,36.13834,-97.06664,275.3,2,0.0,0.00545415391248228,-0.002181661564992912,0.19,-0.08,9.78,9.0625,-2.0,-79.25
2026-04-28T23:06:37.991430,36.13834,-97.06664,275.3,2,0.0,0.0,-0.001090830782496456,0.18,-0.09,9.77,10.0625,-2.375,-78.875
2026-04-28T23:06:39.152355,36.13834,-97.06664,275.3,2,-0.001090830782496456,0.0,0.0,0.18,-0.09,9.78,10.0625,-1.5625,-79.25
2026-04-28T23:06:40.322425,36.138351,-97.066808,275.2,3,0.0,-0.002181661564992912,-0.002181661564992912,0.19,-0.07,9.78,9.375,-2.375,-79.25
2026-04-28T23:06:41.509750,36.138351,-97.066808,275.2,3,0.0,-0.001090830782496456,-0.001090830782496456,0.21,-0.08,9.8,10.875,-2.375,-79.25
2026-04-28T23:06:42.704382,36.138361,-97.066836,275.2,3,0.002181661564992912,-0.002181661564992912,0.003272492347489368,0.2,-0.09,9.8,10.5,-2.0,-78.0625
2026-04-28T23:06:43.907774,36.138361,-97.066836,275.2,3,-0.003272492347489368,-0.002181661564992912,-0.002181661564992912,0.19,-0.09,9.790000000000001,9.75,-2.375,-79.6875
2026-04-28T23:06:45.135342,36.138366,-97.066831,275.2,3,0.0,0.001090830782496456,-0.002181661564992912,0.19,-0.07,9.81,10.0625,-1.5625,-78.5
2026-04-28T23:06:46.325261,36.138366,-97.066831,275.2,3,-0.001090830782496456,0.0,-0.002181661564992912,0.18,-0.07,9.77,9.75,-2.375,-78.5
2026-04-28T23:06:47.511497,36.138353,-97.06683,275.2,3,0.001090830782496456,-0.003272492347489368,0.0,0.21,-0.09,9.82,15.375,-3.6875,-130.5
2026-04-28T23:06:48.698896,36.138353,-97.06683,275.2,3,-0.001090830782496456,-0.001090830782496456,0.0,0.19,-0.06,9.78,15.75,-2.5625,-130.5
2026-04-28T23:06:49.892284,36.138348,-97.066823,275.3,3,0.0,-0.001090830782496456,-0.001090830782496456,0.2,-0.09,9.78,15.375,-2.875,-129.75
2026-04-28T23:06:51.077895,36.138348,-97.066823,275.3,3,0.0,-0.003272492347489368,0.001090830782496456,0.2,-0.08,9.790000000000001,16.5,-3.25,-130.0625
2026-04-28T23:06:52.279477,36.13836,-97.066825,275.3,2,0.0,0.002181661564992912,0.0,0.18,-0.07,9.84,16.0625,-3.25,-129.25
2026-04-28T23:06:53.438508,36.13836,-97.066825,275.3,2,0.0,0.0,0.0,0.19,-0.09,9.83,15.75,-4.0625,-130.0625
2026-04-28T23:06:54.578769,36.13836,-97.066825,275.3,2,-0.002181661564992912,0.0,0.0,0.19,-0.1,9.84,15.75,-3.6875,-130.0625
2026-04-28T23:06:55.748719,36.13836,-97.066825,275.3,2,-0.001090830782496456,-0.002181661564992912,0.0,0.19,-0.1,9.76,15.75,-2.875,-129.6875
2026-04-28T23:06:56.943407,36.138356,-97.066833,275.2,3,-0.001090830782496456,0.003272492347489368,-0.001090830782496456,0.19,-0.08,9.790000000000001,15.375,-3.6875,-130.375
2026-04-28T23:06:58.169565,36.138356,-97.066833,275.2,3,-0.002181661564992912,0.001090830782496456,-0.002181661564992912,0.18,-0.09,9.8,16.875,-3.6875,-129.6875
2026-04-28T23:06:59.381787,36.138345,-97.066839,275.2,3,0.0,0.001090830782496456,0.0,0.21,-0.08,9.790000000000001,15.375,-3.25,-129.25
2026-04-28T23:07:00.568051,36.138345,-97.066839,275.2,3,-0.001090830782496456,0.001090830782496456,-0.002181661564992912,0.2,-0.09,9.78,14.6875,-3.25,-129.25
2026-04-28T23:07:01.780756,36.138329,-97.066846,275.2,3,-0.001090830782496456,0.001090830782496456,0.002181661564992912,0.2,-0.08,9.78,15.75,-3.25,-130.375
2026-04-28T23:07:02.991351,36.138329,-97.066846,275.2,3,-0.001090830782496456,0.001090830782496456,0.0,0.18,-0.09,9.77,15.0625,-3.25,-129.6875
2026-04-28T23:07:04.189253,36.13832,-97.06685,275.2,2,0.001090830782496456,-0.003272492347489368,0.0,0.19,-0.07,9.78,16.875,-2.25,-128.5
2026-04-28T23:07:05.365373,36.13832,-97.06685,275.2,2,0.0,0.001090830782496456,0.0,0.21,-0.09,9.790000000000001,16.5,-4.375,-129.6875
2026-04-28T23:07:06.538147,36.13832,-97.06685,275.2,2,-0.001090830782496456,0.001090830782496456,0.001090830782496456,0.2,-0.08,9.81,15.75,-3.6875,-130.0625
2026-04-28T23:07:07.733590,36.13832,-97.06685,275.2,2,0.002181661564992912,-0.002181661564992912,0.001090830782496456,0.19,-0.08,9.790000000000001,16.5,-3.25,-129.6875
2026-04-28T23:07:08.949749,36.138288,-97.066851,275.3,4,0.001090830782496456,0.001090830782496456,-0.001090830782496456,0.19,-0.1,9.77,15.0625,-3.25,-130.0625
2026-04-28T23:07:10.159010,36.138288,-97.066851,275.3,4,0.001090830782496456,-0.002181661564992912,0.0,0.18,-0.09,9.81,15.375,-3.6875,-130.0625
2026-04-28T23:07:11.349856,36.138286,-97.066863,275.3,4,-0.004363323129985824,0.003272492347489368,0.001090830782496456,0.18,-0.08,9.82,16.0625,-2.875,-129.6875
2026-04-28T23:07:12.558537,36.138286,-97.066863,275.3,4,0.0,0.0,0.001090830782496456,0.17,-0.09,9.81,15.75,-3.25,-129.25
2026-04-28T23:07:13.727843,36.138278,-97.06687,275.4,4,0.001090830782496456,-0.001090830782496456,0.0,0.19,-0.08,9.78,16.5,-2.5625,-130.5
2026-04-28T23:07:14.913233,36.138278,-97.06687,275.4,4,-0.002181661564992912,-0.001090830782496456,0.0,0.18,-0.07,9.78,15.75,-3.6875,-130.5
2026-04-28T23:07:16.097724,36.138278,-97.06687,275.4,4,0.0,-0.002181661564992912,-0.002181661564992912,0.21,-0.1,9.77,15.0625,-3.25,-129.75
2026-04-28T23:07:17.281525,36.138278,-97.06687,275.4,4,0.002181661564992912,-0.002181661564992912,0.001090830782496456,0.21,-0.09,9.8,15.0625,-2.875,-129.25
2026-04-28T23:07:18.493378,36.138278,-97.06687,275.4,4,0.0,0.002181661564992912,-0.001090830782496456,0.2,-0.09,9.77,16.0625,-2.875,-130.375
2026-04-28T23:07:19.686641,36.138278,-97.06687,275.4,4,0.001090830782496456,0.002181661564992912,0.0,0.18,-0.1,9.78,16.0625,-3.25,-128.875
2026-04-28T23:07:20.871198,36.138278,-97.06687,275.4,4,0.002181661564992912,-0.002181661564992912,0.0,0.18,-0.06,9.790000000000001,15.75,-3.6875,-130.375
2026-04-28T23:07:22.073813,36.138278,-97.06687,275.4,4,0.0,-0.001090830782496456,0.001090830782496456,0.2,-0.09,9.73,15.0625,-4.0625,-129.25
2026-04-28T23:07:23.265984,36.138203,-97.06687,275.5,4,0.001090830782496456,-0.002181661564992912,-0.001090830782496456,0.2,-0.09,9.8,15.0625,-2.875,-129.5625
2026-04-28T23:07:24.473747,36.138203,-97.06687,275.5,4,-0.001090830782496456,0.002181661564992912,-0.002181661564992912,0.2,-0.08,9.78,16.0625,-4.0625,-129.25
2026-04-28T23:07:25.683520,36.138193,-97.066856,275.6,4,0.001090830782496456,0.001090830782496456,0.002181661564992912,0.21,-0.07,9.790000000000001,16.5,-3.25,-129.25
2026-04-28T23:07:26.902762,36.138193,-97.066856,275.6,4,0.0,0.001090830782496456,-0.001090830782496456,0.19,-0.08,9.81,16.875,-3.6875,-129.6875
2026-04-28T23:07:28.094955,36.138189,-97.066848,275.6,4,0.0,-0.001090830782496456,-0.002181661564992912,0.2,-0.08,9.8,15.75,-2.875,-130.0625
2026-04-28T23:07:29.282587,36.138189,-97.066848,275.6,4,0.0,-0.001090830782496456,0.001090830782496456,0.19,-0.1,9.81,15.75,-3.6875,-130.0625
2026-04-28T23:07:30.477868,36.138185,-97.066846,275.6,4,-0.002181661564992912,-0.001090830782496456,0.001090830782496456,0.17,-0.09,9.78,16.875,-3.25,-130.875
2026-04-28T23:07:31.689546,36.138185,-97.066846,275.6,4,0.001090830782496456,-0.003272492347489368,-0.001090830782496456,0.2,-0.09,9.78,15.75,-3.6875,-129.25
2026-04-28T23:07:32.899302,36.138185,-97.066846,275.6,4,0.0,0.003272492347489368,0.002181661564992912,0.18,-0.09,9.8,15.75,-2.875,-130.0625
2026-04-28T23:07:34.085410,36.138185,-97.066846,275.6,4,0.001090830782496456,0.001090830782496456,0.001090830782496456,0.19,-0.09,9.83,15.75,-3.6875,-131.25
2026-04-28T23:07:35.296326,36.138185,-97.066846,275.6,4,0.0,0.002181661564992912,0.002181661564992912,0.2,-0.09,9.8,15.75,-3.6875,-130.375
2026-04-28T23:07:36.481410,36.138185,-97.066846,275.6,4,0.001090830782496456,0.001090830782496456,0.001090830782496456,0.19,-0.08,9.82,16.0625,-3.6875,-128.875
2026-04-28T23:07:37.691450,36.138185,-97.066846,275.6,4,0.001090830782496456,0.001090830782496456,-0.001090830782496456,0.21,-0.1,9.82,15.75,-4.0625,-130.0625
2026-04-28T23:07:38.902025,36.138185,-97.066846,275.6,4,-0.002181661564992912,0.003272492347489368,-0.001090830782496456,0.2,-0.08,9.86,15.0625,-3.25,-128.875
2026-04-28T23:07:40.114314,36.138185,-97.066846,275.6,4,0.002181661564992912,-0.004363323129985824,-0.002181661564992912,0.18,-0.09,9.88,15.375,-3.6875,-129.6875
2026-04-28T23:07:41.326526,36.138185,-97.066846,275.6,4,0.0,0.004363323129985824,0.001090830782496456,0.26,-0.1,9.81,16.0625,-3.6875,-130.375
2026-04-28T23:07:42.519541,36.138185,-97.066846,275.6,4,0.0,-0.001090830782496456,0.001090830782496456,0.15,-0.09,9.75,14.6875,-3.6875,-131.25
2026-04-28T23:07:43.713662,36.138185,-97.066846,275.6,4,-0.002181661564992912,0.0,-0.002181661564992912,0.24,-0.13,9.69,16.0625,-4.0625,-129.6875
2026-04-28T23:07:44.911716,36.138171,-97.066843,275.8,3,0.0,0.0,-0.002181661564992912,0.18,-0.09,9.77,15.75,-3.6875,-128.875
2026-04-28T23:07:46.083964,36.138171,-97.066843,275.8,3,0.001090830782496456,0.0,0.002181661564992912,0.22,-0.09,9.790000000000001,16.0625,-3.25,-129.25
2026-04-28T23:07:47.298734,36.138171,-97.066843,275.8,3,0.0,0.002181661564992912,0.0,0.24,-0.1,9.84,16.5,-4.0625,-131.25
2026-04-28T23:07:48.467804,36.138306,-97.066835,276.5,4,0.0,0.002181661564992912,0.002181661564992912,0.23,-0.09,9.83,15.75,-3.25,-130.0625
2026-04-28T23:07:49.656695,36.138306,-97.066835,276.5,4,-0.001090830782496456,-0.002181661564992912,-0.001090830782496456,0.24,-0.1,9.93,16.0625,-3.6875,-129.375
2026-04-28T23:07:50.869306,36.138306,-97.066835,276.5,4,0.002181661564992912,-0.002181661564992912,0.0,0.16,-0.06,9.75,15.75,-3.6875,-130.5
2026-04-28T23:07:52.054369,36.138306,-97.066835,276.5,4,0.001090830782496456,0.0,0.0,0.17,-0.07,9.76,14.6875,-3.6875,-130.875
2026-04-28T23:07:53.231138,36.138306,-97.066835,276.5,4,-0.001090830782496456,0.0,0.002181661564992912,0.2,-0.1,9.790000000000001,15.375,-2.875,-130.5
2026-04-28T23:07:54.436943,36.138306,-97.066835,276.5,4,0.0,0.001090830782496456,0.001090830782496456,0.19,-0.09,9.790000000000001,15.0625,-3.6875,-129.75
2026-04-28T23:07:55.638948,36.138306,-97.066835,276.5,4,0.001090830782496456,-0.003272492347489368,-0.002181661564992912,0.18,-0.09,9.77,16.0625,-3.25,-130.5
2026-04-28T23:07:56.843256,36.138306,-97.066835,276.5,4,0.001090830782496456,0.002181661564992912,0.002181661564992912,0.21,-0.12,9.790000000000001,15.75,-4.0625,-130.0625
2026-04-28T23:07:58.067379,36.138306,-97.066835,276.5,4,-0.001090830782496456,0.001090830782496456,0.0,0.18,-0.07,9.78,15.0625,-4.0625,-129.6875
2026-04-28T23:07:59.264092,36.138306,-97.066835,276.5,4,0.001090830782496456,-0.00545415391248228,0.0,0.2,-0.09,9.78,15.375,-4.0625,-130.5
2026-04-28T23:08:00.450145,36.138306,-97.066835,276.5,5,0.001090830782496456,0.0,0.0,0.19,-0.09,9.790000000000001,15.375,-2.875,-130.0625
2026-04-28T23:08:01.635487,36.138306,-97.066835,276.5,5,-0.001090830782496456,0.0,0.001090830782496456,0.19,-0.09,9.790000000000001,16.0625,-4.0625,-130.375
2026-04-28T23:08:02.838952,36.138306,-97.066835,276.5,5,0.0,-0.001090830782496456,0.001090830782496456,0.0,0.0,0.0,16.0625,-3.6875,-129.25
2026-04-28T23:08:04.025707,36.138306,-97.066835,276.5,5,0.0,-0.001090830782496456,0.001090830782496456,0.24,-0.08,9.82,15.75,-3.25,-130.875
2026-04-28T23:08:05.211329,36.138306,-97.066835,276.5,5,0.0,-0.002181661564992912,-0.001090830782496456,0.2,-0.09,9.78,15.375,-3.25,-131.25
2026-04-28T23:08:06.403181,36.138306,-97.066835,276.5,5,0.001090830782496456,-0.001090830782496456,-0.001090830782496456,0.2,-0.11,9.77,15.75,-3.25,-130.0625
2026-04-28T23:08:07.617517,36.138306,-97.066835,276.5,5,0.001090830782496456,0.002181661564992912,0.001090830782496456,0.2,-0.09,9.8,15.75,-3.6875,-130.0625
2026-04-28T23:08:08.826952,36.138306,-97.066835,276.5,5,0.0,0.001090830782496456,-0.002181661564992912,0.22,-0.08,9.81,15.375,-3.6875,-130.5
2026-04-28T23:08:10.019246,36.138348,-97.066831,276.4,3,-0.003272492347489368,0.0,-0.001090830782496456,0.19,-0.07,9.76,16.0625,-3.25,-130.5
2026-04-28T23:08:11.204389,36.138348,-97.066831,276.4,3,-0.002181661564992912,-0.003272492347489368,0.001090830782496456,0.0,0.0,0.0,15.375,-3.6875,-130.875
2026-04-28T23:08:12.416562,36.138348,-97.06682,276.3,4,-0.001090830782496456,0.0,0.001090830782496456,0.19,-0.09,9.82,15.75,-2.875,-129.6875
2026-04-28T23:08:13.611414,36.138348,-97.06682,276.3,4,0.002181661564992912,0.002181661564992912,0.001090830782496456,0.2,-0.08,9.82,16.0625,-3.25,-130.0625
2026-04-28T23:08:14.815655,36.138348,-97.066828,276.3,4,0.001090830782496456,0.0,0.0,0.21,-0.09,9.78,15.375,-3.6875,-129.6875
2026-04-28T23:08:15.992875,36.138348,-97.066828,276.3,4,-0.001090830782496456,-0.004363323129985824,-0.003272492347489368,0.2,-0.1,9.790000000000001,15.75,-3.6875,-130.875
2026-04-28T23:08:17.215944,36.13835,-97.06683,276.4,5,0.001090830782496456,-0.002181661564992912,-0.001090830782496456,0.21,-0.08,9.81,14.6875,-3.25,-130.0625
2026-04-28T23:08:18.424928,36.13835,-97.06683,276.4,5,0.001090830782496456,0.003272492347489368,0.0,0.21,-0.06,9.790000000000001,16.0625,-3.6875,-130.0625
2026-04-28T23:08:19.628069,36.13835,-97.06683,276.4,5,0.0,-0.001090830782496456,-0.002181661564992912,0.2,-0.09,9.78,16.0625,-2.875,-130.0625
2026-04-28T23:08:20.823732,36.13835,-97.06683,276.4,5,-0.002181661564992912,-0.001090830782496456,0.0,0.18,-0.09,9.790000000000001,15.375,-4.0625,-130.0625
2026-04-28T23:08:22.027455,36.13835,-97.06683,276.4,5,-0.001090830782496456,-0.001090830782496456,0.0,0.21,-0.07,9.76,15.375,-3.6875,-129.75
2026-04-28T23:08:23.214425,36.13835,-97.06683,276.4,5,0.0,0.0,0.0,0.21,-0.07,9.790000000000001,15.0625,-3.25,-129.25
2026-04-28T23:08:24.383443,36.13835,-97.06683,276.4,5,0.0,-0.002181661564992912,0.001090830782496456,0.21,-0.08,9.790000000000001,16.0625,-3.6875,-129.75
2026-04-28T23:08:25.585566,36.13835,-97.06683,276.4,5,0.0,0.0,0.002181661564992912,0.19,-0.06,9.78,15.375,-3.25,-130.0625
2026-04-28T23:08:26.752830,36.13835,-97.06683,276.4,5,-0.001090830782496456,0.004363323129985824,0.0,0.18,-0.09,9.790000000000001,16.0625,-2.5625,-130.5
2026-04-28T23:08:27.955771,36.13835,-97.06683,276.4,5,0.001090830782496456,0.001090830782496456,0.0,0.2,-0.09,9.82,16.5,-4.0625,-129.6875
2026-04-28T23:08:29.142286,36.13835,-97.06683,276.4,5,0.0,-0.001090830782496456,-0.001090830782496456,0.2,-0.08,9.78,15.75,-3.6875,-130.875
2026-04-28T23:08:30.334683,36.13835,-97.06683,276.4,5,0.002181661564992912,-0.001090830782496456,-0.002181661564992912,0.22,-0.09,9.81,16.0625,-2.875,-130.875
2026-04-28T23:08:31.547194,36.13835,-97.06683,276.4,5,0.001090830782496456,-0.002181661564992912,0.001090830782496456,0.2,-0.1,9.78,15.0625,-3.6875,-130.0625
2026-04-28T23:08:32.759272,36.13835,-97.06683,276.4,5,-0.001090830782496456,0.002181661564992912,0.001090830782496456,0.2,-0.09,9.75,15.0625,-3.25,-131.25
2026-04-28T23:08:33.961857,36.13835,-97.06683,276.4,5,-0.002181661564992912,0.004363323129985824,0.001090830782496456,0.21,-0.09,9.77,16.0625,-3.6875,-130.5
2026-04-28T23:08:35.167346,36.13835,-97.06683,276.4,5,-0.001090830782496456,-0.001090830782496456,-0.002181661564992912,0.0,0.0,0.0,15.375,-3.25,-130.5
2026-04-28T23:08:36.372399,36.13835,-97.06683,276.4,5,0.002181661564992912,0.001090830782496456,-0.002181661564992912,0.21,-0.07,9.77,15.375,-3.25,-130.5
2026-04-28T23:08:37.574739,36.13835,-97.06683,276.4,5,-0.001090830782496456,0.001090830782496456,-0.001090830782496456,0.2,-0.09,9.790000000000001,15.75,-3.6875,-130.875
2026-04-28T23:08:38.794201,36.13835,-97.06683,276.4,5,-0.001090830782496456,0.002181661564992912,0.001090830782496456,0.23,-0.09,9.83,15.75,-3.25,-130.0625
2026-04-28T23:08:39.998033,36.13835,-97.06683,276.4,5,-0.003272492347489368,0.001090830782496456,-0.004363323129985824,0.12,-0.06,9.81,15.0625,-3.25,-130.0625
2026-04-28T23:08:41.210376,36.13835,-97.06683,276.4,5,0.001090830782496456,0.002181661564992912,0.0,0.22,-0.08,9.790000000000001,15.375,-2.875,-131.25
2026-04-28T23:08:42.415573,36.13835,-97.06683,276.4,5,0.001090830782496456,0.002181661564992912,0.0,0.17,-0.07,9.78,15.75,-3.6875,-129.75
2026-04-28T23:08:43.602973,36.13835,-97.06683,276.4,5,0.0,0.001090830782496456,0.0,0.22,-0.09,9.76,15.75,-3.25,-129.6875
2026-04-28T23:08:44.772354,36.13835,-97.06683,276.4,5,0.001090830782496456,0.002181661564992912,0.0,0.19,-0.06,9.8,15.75,-3.25,-130.875
2026-04-28T23:08:45.959025,36.13835,-97.06683,276.4,6,0.002181661564992912,-0.003272492347489368,0.0,0.21,-0.08,9.790000000000001,15.75,-4.0625,-130.875
2026-04-28T23:08:47.161895,36.13835,-97.06683,276.4,6,0.0,0.0,-0.004363323129985824,0.18,-0.09,9.78,15.375,-2.875,-130.5
2026-04-28T23:08:48.330915,36.13835,-97.06683,276.4,6,-0.002181661564992912,0.0,0.0,0.19,-0.1,9.77,15.75,-3.25,-129.25
2026-04-28T23:08:49.498763,36.13835,-97.06683,276.4,6,-0.002181661564992912,0.001090830782496456,0.001090830782496456,0.22,-0.06,9.8,14.6875,-3.25,-129.25
2026-04-28T23:08:50.702252,36.138396,-97.066719,276.4,6,0.0,-0.001090830782496456,-0.001090830782496456,0.18,-0.1,9.76,16.0625,-4.0625,-129.25
2026-04-28T23:08:51.893592,36.138396,-97.066719,276.4,6,-0.002181661564992912,0.003272492347489368,-0.002181661564992912,0.2,-0.09,9.8,15.0625,-3.6875,-131.6875
2026-04-28T23:08:53.102447,36.13839,-97.066678,276.4,6,0.0,-0.001090830782496456,0.001090830782496456,0.21,-0.08,9.8,15.75,-3.25,-129.6875
2026-04-28T23:08:54.285904,36.13839,-97.066678,276.4,6,0.0,0.0,0.0,0.22,-0.1,9.8,15.375,-3.25,-130.5
2026-04-28T23:08:55.429990,36.138391,-97.066661,276.4,5,0.001090830782496456,-0.001090830782496456,-0.001090830782496456,0.21,-0.09,9.8,16.0625,-3.6875,-130.5
2026-04-28T23:08:56.636395,36.138391,-97.066661,276.4,5,0.001090830782496456,-0.002181661564992912,0.0,0.19,-0.09,9.78,15.75,-3.25,-129.25
2026-04-28T23:08:57.824356,36.138393,-97.066628,276.4,6,0.001090830782496456,0.0,0.0,0.19,-0.09,9.78,16.5,-4.0625,-130.75
2026-04-28T23:08:58.993740,36.138393,-97.066628,276.4,6,-0.001090830782496456,0.0,0.0,0.2,-0.09,9.75,16.5,-3.25,-130.875
2026-04-28T23:09:00.161747,36.138393,-97.066628,276.4,6,0.001090830782496456,0.0,-0.001090830782496456,0.2,-0.08,9.790000000000001,15.0625,-3.25,-130.5
2026-04-28T23:09:01.364394,36.138393,-97.066628,276.4,6,-0.001090830782496456,-0.003272492347489368,0.001090830782496456,0.19,-0.09,9.8,15.375,-3.6875,-131.25
2026-04-28T23:09:02.574328,36.138393,-97.066628,276.4,6,-0.002181661564992912,0.003272492347489368,0.002181661564992912,0.2,-0.09,9.790000000000001,15.75,-4.0625,-131.25
2026-04-28T23:09:03.792791,36.138393,-97.066628,276.4,6,-0.001090830782496456,0.001090830782496456,-0.002181661564992912,0.0,0.0,0.0,15.75,-2.875,-130.875
2026-04-28T23:09:04.993987,36.138393,-97.066628,276.4,6,-0.001090830782496456,0.002181661564992912,0.0,0.2,-0.09,9.78,15.375,-3.25,-130.0625
2026-04-28T23:09:06.186662,36.138393,-97.066628,276.4,6,0.001090830782496456,0.0,-0.001090830782496456,0.2,-0.09,9.8,15.375,-3.6875,-130.0625
2026-04-28T23:09:07.376455,36.138393,-97.066628,276.4,6,0.0,0.0,-0.002181661564992912,0.0,0.0,0.0,15.375,-3.25,-130.0625
2026-04-28T23:09:08.548136,36.138393,-97.066628,276.4,6,0.0,0.0,-0.001090830782496456,0.2,-0.09,9.790000000000001,16.0625,-3.6875,-130.5
2026-04-28T23:09:09.738019,36.138393,-97.066628,276.4,6,-0.001090830782496456,0.002181661564992912,0.001090830782496456,0.2,-0.1,9.8,15.75,-2.875,-130.375
2026-04-28T23:09:10.940123,36.138393,-97.066628,276.4,6,-0.001090830782496456,0.0,0.003272492347489368,0.2,-0.06,9.790000000000001,14.6875,-3.25,-129.6875
2026-04-28T23:09:12.142710,36.138393,-97.066628,276.4,6,0.002181661564992912,-0.003272492347489368,0.001090830782496456,0.2,-0.11,9.8,16.0625,-4.0625,-130.875
2026-04-28T23:09:13.353399,36.138393,-97.066628,276.4,6,0.001090830782496456,-0.00545415391248228,0.001090830782496456,0.19,-0.09,9.81,15.75,-3.6875,-130.0625
2026-04-28T23:09:14.568022,36.138393,-97.066628,276.4,6,0.001090830782496456,-0.001090830782496456,-0.002181661564992912,0.2,-0.09,9.78,15.75,-3.25,-130.0625
2026-04-28T23:09:15.780808,36.138393,-97.066628,276.4,6,0.001090830782496456,0.0,-0.004363323129985824,0.21,-0.08,9.78,15.375,-3.6875,-129.75
2026-04-28T23:09:16.977788,36.138393,-97.066515,276.2,6,0.002181661564992912,-0.001090830782496456,-0.001090830782496456,0.18,-0.08,9.82,15.75,-3.6875,-130.375
2026-04-28T23:09:18.193248,36.138393,-97.066515,276.2,6,0.001090830782496456,-0.002181661564992912,-0.003272492347489368,0.21,-0.08,9.81,15.75,-2.875,-129.6875
2026-04-28T23:09:19.402388,36.138396,-97.066536,276.2,6,0.001090830782496456,-0.00545415391248228,0.0,0.15,-0.04,9.8,15.375,-3.25,-129.6875
2026-04-28T23:09:20.590804,36.138396,-97.066536,276.2,6,0.0,-0.003272492347489368,0.0,0.21,-0.09,9.81,14.6875,-2.875,-130.875
2026-04-28T23:09:21.766282,36.138394,-97.066556,276.2,6,0.001090830782496456,-0.002181661564992912,-0.00545415391248228,0.26,-0.08,9.9,15.375,-4.0625,-130.0625
2026-04-28T23:09:22.976322,36.138394,-97.066556,276.2,6,0.0,0.001090830782496456,-0.001090830782496456,0.2,-0.08,9.82,15.75,-3.6875,-130.0625
2026-04-28T23:09:24.170998,36.13839,-97.066573,276.1,6,0.001090830782496456,-0.001090830782496456,-0.003272492347489368,0.2,-0.09,9.77,15.375,-3.6875,-130.375
2026-04-28T23:09:25.381562,36.13839,-97.066573,276.1,6,0.001090830782496456,0.0,-0.002181661564992912,0.21,-0.09,9.78,16.5,-2.875,-130.375
2026-04-28T23:09:26.569566,36.13839,-97.066573,276.1,4,0.002181661564992912,-0.002181661564992912,0.001090830782496456,0.2,-0.09,9.8,15.375,-3.25,-130.0625
2026-04-28T23:09:27.777630,36.13839,-97.066573,276.1,4,-0.001090830782496456,-0.002181661564992912,0.0,0.16,-0.09,9.81,15.375,-2.875,-129.25
2026-04-28T23:09:28.970704,36.13839,-97.066573,276.1,4,-0.001090830782496456,0.0,0.0,0.22,-0.11,9.76,15.0625,-3.25,-131.25
2026-04-28T23:09:30.137365,36.13839,-97.066573,276.1,4,0.001090830782496456,-0.006544984694978736,0.0,0.2,-0.09,9.790000000000001,15.75,-3.6875,-131.25
2026-04-28T23:09:31.341427,36.13839,-97.066573,276.1,5,-0.001090830782496456,0.0,0.0,0.19,-0.08,9.77,16.0625,-2.875,-131.25
2026-04-28T23:09:32.509994,36.13839,-97.066573,276.1,5,0.0,0.001090830782496456,-0.001090830782496456,0.21,-0.1,9.78,15.375,-3.6875,-130.375
2026-04-28T23:09:33.702645,36.13839,-97.066573,276.1,5,0.001090830782496456,0.0,-0.001090830782496456,0.2,-0.12,9.72,16.0625,-3.25,-129.6875
2026-04-28T23:09:34.889890,36.13839,-97.066573,276.1,5,-0.001090830782496456,-0.001090830782496456,0.0,0.19,-0.09,9.77,16.5,-3.6875,-132.375
2026-04-28T23:09:36.082233,36.13839,-97.066573,276.1,5,0.0,0.0,0.0,0.2,-0.07,9.66,15.75,-3.6875,-129.6875
2026-04-28T23:09:37.234695,36.13839,-97.066573,276.1,5,0.002181661564992912,0.002181661564992912,0.001090830782496456,0.18,-0.09,9.69,15.75,-2.5625,-128.875
2026-04-28T23:09:38.440486,36.13839,-97.066573,276.1,4,0.0,-0.001090830782496456,-0.001090830782496456,0.19,-0.09,9.78,15.75,-3.25,-130.0625
2026-04-28T23:09:39.635146,36.13839,-97.066573,276.1,4,0.001090830782496456,-0.003272492347489368,0.0,0.0,0.0,0.0,15.75,-3.6875,-130.0625
2026-04-28T23:09:40.821171,36.13839,-97.066573,276.1,4,0.0,-0.003272492347489368,-0.001090830782496456,0.0,0.0,0.0,15.75,-3.25,-130.0625
2026-04-28T23:09:42.006487,36.13839,-97.066573,276.1,4,0.0,-0.001090830782496456,-0.001090830782496456,0.2,-0.1,9.73,15.375,-2.875,-129.75
2026-04-28T23:09:43.192656,36.138408,-97.066453,275.7,4,-0.001090830782496456,0.002181661564992912,-0.001090830782496456,0.21,-0.11,9.75,15.375,-3.6875,-131.25
2026-04-28T23:09:44.402287,36.138408,-97.066453,275.7,4,0.0,0.002181661564992912,0.0,0.22,-0.1,9.71,15.75,-3.6875,-129.6875
2026-04-28T23:09:45.579569,36.138425,-97.066463,275.6,5,0.001090830782496456,0.001090830782496456,0.001090830782496456,0.21,-0.09,9.78,16.0625,-2.875,-130.0625
2026-04-28T23:09:46.789361,36.138425,-97.066463,275.6,5,0.001090830782496456,-0.003272492347489368,0.001090830782496456,0.21,-0.09,9.81,15.375,-2.875,-130.5
2026-04-28T23:09:47.989910,36.138425,-97.066463,275.6,5,-0.002181661564992912,0.003272492347489368,0.001090830782496456,0.26,-0.11,9.790000000000001,16.0625,-2.875,-129.25
2026-04-28T23:09:49.212155,36.138235,-97.066608,275.6,5,-0.001090830782496456,0.0,0.001090830782496456,0.22,-0.09,9.81,15.375,-3.25,-130.875
2026-04-28T23:09:50.399521,36.138235,-97.066608,277.7,5,-0.001090830782496456,0.004363323129985824,0.002181661564992912,0.23,-0.06,9.78,15.75,-3.25,-130.375
2026-04-28T23:09:51.605007,36.138235,-97.066608,277.7,5,-0.002181661564992912,0.001090830782496456,0.0,0.21,-0.11,9.8,15.75,-3.6875,-130.5
2026-04-28T23:09:52.790832,36.138235,-97.066608,277.7,5,-0.001090830782496456,-0.001090830782496456,0.001090830782496456,0.2,-0.11,9.76,15.0625,-2.875,-130.5
2026-04-28T23:09:53.994586,36.138235,-97.066608,277.7,5,0.001090830782496456,-0.001090830782496456,0.001090830782496456,0.22,-0.11,9.76,16.5,-4.375,-130.875
2026-04-28T23:09:55.199550,36.138235,-97.066608,277.7,5,0.002181661564992912,0.001090830782496456,-0.001090830782496456,0.22,-0.1,9.78,15.75,-2.875,-130.0625
2026-04-28T23:09:56.412611,36.138235,-97.066608,277.7,5,0.002181661564992912,0.002181661564992912,-0.001090830782496456,0.2,-0.09,9.76,15.75,-2.875,-130.0625
2026-04-28T23:09:57.624253,36.138235,-97.066608,277.7,5,0.001090830782496456,0.002181661564992912,-0.002181661564992912,0.21,-0.08,9.8,16.5,-3.6875,-130.375
2026-04-28T23:09:58.832691,36.138235,-97.066608,277.7,5,0.001090830782496456,-0.002181661564992912,0.0,0.0,0.0,0.0,16.5,-2.875,-130.0625
2026-04-28T23:10:00.018285,36.138235,-97.066608,277.7,5,-0.002181661564992912,-0.001090830782496456,0.0,0.19,-0.08,9.78,15.375,-3.25,-129.25
2026-04-28T23:10:01.211444,36.138235,-97.066608,277.7,5,0.0,0.0,-0.001090830782496456,0.2,-0.07,9.78,15.75,-3.6875,-130.5
2026-04-28T23:10:02.383451,36.138235,-97.066608,277.7,5,-0.001090830782496456,0.0,0.001090830782496456,0.2,-0.09,9.8,16.0625,-3.25,-129.6875
2026-04-28T23:10:03.570852,36.138235,-97.066608,277.7,5,0.0,0.001090830782496456,-0.002181661564992912,0.22,-0.1,9.790000000000001,15.75,-3.25,-130.0625
2026-04-28T23:10:04.776397,36.138235,-97.066608,277.7,5,0.0,0.0,0.001090830782496456,0.19,-0.09,9.8,15.375,-3.25,-130.875
2026-04-28T23:10:05.945719,36.138235,-97.066608,277.7,5,-0.001090830782496456,-0.002181661564992912,0.003272492347489368,0.21,-0.09,9.77,15.75,-2.5625,-130.5
2026-04-28T23:10:07.154741,36.138235,-97.066608,277.7,5,-0.001090830782496456,0.0,0.002181661564992912,0.21,-0.09,9.8,16.0625,-3.25,-130.75
2026-04-28T23:10:08.349088,36.138235,-97.066608,277.7,5,-0.002181661564992912,0.004363323129985824,0.0,0.21,-0.09,9.77,15.0625,-3.6875,-130.0625
2026-04-28T23:10:09.544038,36.138235,-97.066608,277.7,4,0.002181661564992912,-0.002181661564992912,-0.002181661564992912,0.21,-0.07,9.82,15.375,-3.6875,-130.0625
2026-04-28T23:10:10.756902,36.138235,-97.066608,277.7,4,-0.003272492347489368,0.003272492347489368,0.0,0.2,-0.1,9.84,15.75,-3.6875,-129.25
2026-04-28T23:10:11.943475,36.138235,-97.066608,277.7,4,-0.001090830782496456,0.001090830782496456,0.001090830782496456,0.2,-0.07,9.77,15.375,-3.6875,-129.6875
2026-04-28T23:10:13.155952,36.138235,-97.066608,277.7,4,-0.003272492347489368,0.0,0.001090830782496456,0.21,-0.09,9.74,14.6875,-3.6875,-129.6875
2026-04-28T23:10:14.351033,36.138308,-97.06659,278.3,3,0.001090830782496456,0.003272492347489368,-0.001090830782496456,0.2,-0.08,9.790000000000001,16.0625,-4.0625,-130.5
2026-04-28T23:10:15.569338,36.138308,-97.06659,278.3,3,-0.001090830782496456,0.001090830782496456,-0.002181661564992912,0.2,-0.08,9.790000000000001,15.75,-2.875,-130.5
2026-04-28T23:10:16.789367,36.138315,-97.066585,278.3,4,-0.001090830782496456,0.001090830782496456,-0.001090830782496456,0.18,-0.1,9.78,15.75,-3.25,-129.75
2026-04-28T23:10:17.988582,36.138315,-97.066585,278.3,4,0.001090830782496456,0.0,0.0,0.23,-0.09,9.8,15.75,-2.875,-129.25
2026-04-28T23:10:19.159447,36.138318,-97.066583,278.2,4,0.0,0.0,-0.001090830782496456,0.21,-0.11,9.8,14.25,-2.875,-130.5
2026-04-28T23:10:20.325046,36.138318,-97.066583,278.2,4,0.0,0.003272492347489368,0.0,0.25,-0.09,9.78,15.75,-3.6875,-130.0625
2026-04-28T23:10:21.499132,36.138323,-97.066586,278.3,4,0.001090830782496456,0.0,0.001090830782496456,0.22,-0.06,9.82,15.75,-3.6875,-129.25
2026-04-28T23:10:22.691878,36.138323,-97.066586,278.3,4,-0.001090830782496456,-0.001090830782496456,0.002181661564992912,0.19,-0.09,9.790000000000001,16.0625,-3.6875,-129.75
2026-04-28T23:10:23.916702,36.138323,-97.066586,278.3,4,0.0,0.0,0.001090830782496456,0.21,-0.08,9.77,15.375,-3.6875,-130.0625
2026-04-28T23:10:25.093393,36.138323,-97.066586,278.3,4,0.0,-0.003272492347489368,0.002181661564992912,0.22,-0.09,9.77,15.75,-3.25,-130.5625
2026-04-28T23:10:26.289282,36.138335,-97.06659,278.4,3,0.002181661564992912,0.001090830782496456,-0.001090830782496456,0.19,-0.08,9.790000000000001,15.375,-3.25,-130.0625
2026-04-28T23:10:27.510154,36.138335,-97.06659,278.4,3,0.001090830782496456,0.002181661564992912,-0.003272492347489368,0.2,-0.09,9.790000000000001,15.75,-3.25,-130.5
2026-04-28T23:10:28.722865,36.138345,-97.066585,278.4,4,-0.003272492347489368,-0.003272492347489368,0.001090830782496456,0.18,-0.04,9.56,15.75,-3.25,-130.0625
2026-04-28T23:10:29.935420,36.138345,-97.066585,278.4,4,0.0,-0.00545415391248228,-0.004363323129985824,0.14,-0.02,9.75,15.375,-2.5625,-129.75
2026-04-28T23:10:31.129138,36.138348,-97.066578,278.4,4,-0.002181661564992912,0.003272492347489368,0.002181661564992912,0.19,-0.11,9.77,15.375,-2.875,-130.0625
2026-04-28T23:10:32.337138,36.138348,-97.066578,278.4,4,0.0,0.002181661564992912,-0.001090830782496456,0.22,-0.1,9.790000000000001,15.375,-3.6875,-130.5
2026-04-28T23:10:33.540320,36.138354,-97.066571,278.4,5,-0.001090830782496456,-0.001090830782496456,-0.002181661564992912,0.23,-0.11,9.69,15.75,-3.25,-129.25
2026-04-28T23:10:34.750495,36.138354,-97.066571,278.4,5,0.001090830782496456,0.0,-0.002181661564992912,0.16,-0.05,9.63,16.0625,-3.25,-129.75
2026-04-28T23:10:35.938879,36.138354,-97.066571,278.4,5,0.002181661564992912,-0.002181661564992912,0.0,0.2,-0.07,9.8,14.6875,-3.6875,-130.5625
2026-04-28T23:10:37.134372,36.138354,-97.066571,278.4,5,-0.001090830782496456,0.002181661564992912,-0.001090830782496456,0.22,-0.1,9.77,14.6875,-4.0625,-130.5
2026-04-28T23:10:38.347909,36.138354,-97.066571,278.4,5,-0.001090830782496456,0.004363323129985824,0.0,0.21,-0.08,9.81,16.0625,-3.6875,-130.5
2026-04-28T23:10:39.542938,36.138354,-97.066571,278.4,5,0.001090830782496456,-0.002181661564992912,0.001090830782496456,0.22,-0.08,9.8,15.0625,-3.6875,-130.5
2026-04-28T23:10:40.747772,36.138354,-97.066571,278.4,5,-0.002181661564992912,0.002181661564992912,0.002181661564992912,0.23,-0.08,9.790000000000001,16.0625,-2.875,-130.0625
2026-04-28T23:10:41.977529,36.138354,-97.066571,278.4,5,0.0,-0.004363323129985824,0.002181661564992912,0.17,-0.07,9.700000000000001,16.0625,-2.5625,-129.375
2026-04-28T23:10:43.187265,36.138354,-97.066571,278.4,5,0.0,0.0,0.0,0.27,-0.11,10.0,16.5,-3.6875,-130.0625
2026-04-28T23:10:44.336780,36.138354,-97.066571,278.4,5,0.001090830782496456,0.002181661564992912,0.0,0.2,-0.1,9.67,15.75,-3.25,-130.875
2026-04-28T23:10:45.521070,36.138354,-97.066571,278.4,5,0.0,-0.001090830782496456,-0.001090830782496456,0.25,-0.12,9.790000000000001,15.375,-3.25,-129.75
2026-04-28T23:10:46.723684,36.138354,-97.066571,278.4,5,-0.001090830782496456,0.0,0.003272492347489368,0.23,-0.1,9.81,15.75,-3.6875,-129.0
2026-04-28T23:10:47.915017,36.138354,-97.066571,278.4,5,0.001090830782496456,0.002181661564992912,0.002181661564992912,0.24,-0.09,9.790000000000001,15.75,-3.25,-129.75
2026-04-28T23:10:49.133369,36.138354,-97.066571,278.4,5,0.0,0.002181661564992912,-0.001090830782496456,0.21,-0.09,9.8,16.0625,-3.25,-129.375
2026-04-28T23:10:50.328500,36.138354,-97.066571,278.4,5,-0.002181661564992912,0.004363323129985824,0.0,0.21,-0.09,9.76,16.0625,-3.25,-129.75
2026-04-28T23:10:51.513237,36.138354,-97.066571,278.4,5,0.001090830782496456,0.0,0.001090830782496456,0.22,-0.08,9.78,15.75,-3.6875,-129.375
2026-04-28T23:10:52.707489,36.138354,-97.066571,278.4,5,0.0,0.0,0.0,0.2,-0.1,9.790000000000001,16.0625,-2.875,-129.375
2026-04-28T23:10:53.872883,36.138354,-97.066571,278.4,5,0.001090830782496456,-0.002181661564992912,0.001090830782496456,0.19,-0.09,9.77,14.25,-3.6875,-129.375
2026-04-28T23:10:55.084783,36.138354,-97.066571,278.4,5,0.0,-0.003272492347489368,0.002181661564992912,0.2,-0.08,9.700000000000001,15.75,-4.0625,-129.75
2026-04-28T23:10:56.285070,36.138354,-97.066571,278.4,5,0.0,-0.001090830782496456,-0.002181661564992912,0.19,-0.06,9.700000000000001,15.75,-2.5625,-130.1875
2026-04-28T23:10:57.495948,36.138354,-97.066571,278.4,5,0.001090830782496456,0.001090830782496456,0.002181661564992912,0.18,-0.09,9.8,16.0625,-3.25,-130.5625
2026-04-28T23:10:58.708507,36.138354,-97.066571,278.4,5,-0.001090830782496456,0.001090830782496456,-0.001090830782496456,0.28,-0.1,9.77,15.75,-4.0625,-129.75
2026-04-28T23:10:59.920240,36.138354,-97.066571,278.4,5,0.0,-0.001090830782496456,0.002181661564992912,0.19,-0.08,9.75,15.75,-3.6875,-130.5625
2026-04-28T23:11:01.116298,36.138354,-97.066571,278.4,5,0.0,0.0,0.002181661564992912,0.2,-0.09,9.77,16.0625,-2.875,-130.1875
2026-04-28T23:11:02.293896,36.138354,-97.066571,278.4,5,0.0,0.001090830782496456,-0.001090830782496456,0.22,-0.09,9.8,16.0625,-3.25,-130.5625
2026-04-28T23:11:03.488587,36.138354,-97.066571,278.4,5,0.0,-0.002181661564992912,0.001090830782496456,0.21,-0.09,9.77,15.0625,-2.875,-129.375
2026-04-28T23:11:04.683292,36.138354,-97.066571,278.4,5,0.0,0.001090830782496456,0.0,0.22,-0.09,9.81,14.6875,-3.6875,-129.375
2026-04-28T23:11:05.850939,36.138354,-97.066571,278.4,5,0.0,0.001090830782496456,0.0,0.0,0.0,0.0,15.75,-3.25,-129.375
2026-04-28T23:11:07.020321,36.138354,-97.066571,278.4,5,-0.001090830782496456,-0.004363323129985824,-0.003272492347489368,0.16,-0.08,9.67,15.375,-4.0625,-130.875
2026-04-28T23:11:08.230284,36.138354,-97.066571,278.4,5,0.003272492347489368,0.0,0.0,0.24,-0.08,9.790000000000001,16.0625,-3.25,-130.875
2026-04-28T23:11:09.415348,36.138354,-97.066571,278.4,5,0.0,-0.001090830782496456,-0.001090830782496456,0.2,-0.06,9.77,16.5,-3.25,-130.1875
2026-04-28T23:11:10.607153,36.138354,-97.066571,278.4,5,-0.001090830782496456,0.0,-0.001090830782496456,0.2,-0.09,9.790000000000001,16.5,-3.6875,-130.0625
2026-04-28T23:11:11.813163,36.138354,-97.066571,278.4,4,0.0,0.002181661564992912,-0.002181661564992912,0.22,-0.09,9.78,15.75,-3.6875,-129.75
2026-04-28T23:11:13.006262,36.138354,-97.066571,278.4,4,0.001090830782496456,0.0,-0.003272492347489368,0.21,-0.1,9.790000000000001,15.75,-4.0625,-129.75
2026-04-28T23:11:14.211501,36.138354,-97.066571,278.4,4,0.0,-0.002181661564992912,-0.002181661564992912,0.23,-0.1,9.81,16.0625,-4.0625,-130.5625
2026-04-28T23:11:15.407714,36.138354,-97.066571,278.4,4,0.0,-0.004363323129985824,0.0,0.21,-0.07,9.76,15.375,-3.25,-130.5625
2026-04-28T23:11:16.582465,36.138354,-97.066571,278.4,4,-0.001090830782496456,0.003272492347489368,-0.002181661564992912,0.23,-0.09,9.78,16.0625,-3.25,-130.5625
2026-04-28T23:11:17.794338,36.138354,-97.066571,278.4,4,0.0,0.001090830782496456,0.002181661564992912,0.21,-0.1,9.790000000000001,16.5,-3.25,-130.0625
2026-04-28T23:11:18.994085,36.138354,-97.066571,278.4,6,-0.001090830782496456,0.0,0.001090830782496456,0.22,-0.09,9.78,15.375,-2.875,-130.1875
2026-04-28T23:11:20.186871,36.138354,-97.066571,278.4,6,0.0,0.003272492347489368,0.001090830782496456,0.24,-0.1,9.77,15.0625,-3.25,-130.5625
2026-04-28T23:11:21.378876,36.138354,-97.066571,278.4,6,0.0,0.002181661564992912,-0.001090830782496456,0.19,-0.09,9.75,15.75,-2.5625,-130.1875
2026-04-28T23:11:22.567849,36.138354,-97.066571,278.4,6,0.001090830782496456,-0.001090830782496456,0.0,0.2,-0.07,9.81,15.75,-2.875,-130.1875
2026-04-28T23:11:23.757323,36.138354,-97.066571,278.4,6,-0.001090830782496456,0.0,-0.002181661564992912,0.25,-0.1,9.78,15.0625,-3.6875,-130.0625
2026-04-28T23:11:24.950020,36.138354,-97.066571,278.4,6,0.002181661564992912,-0.002181661564992912,-0.001090830782496456,0.24,-0.11,9.77,15.0625,-3.6875,-131.25
2026-04-28T23:11:26.162041,36.138354,-97.066571,278.4,6,0.0,0.002181661564992912,-0.003272492347489368,0.21,-0.09,9.77,16.5,-3.6875,-130.0625
2026-04-28T23:11:27.353421,36.138354,-97.066571,278.4,6,0.001090830782496456,-0.004363323129985824,0.002181661564992912,0.2,-0.09,9.74,15.0625,-3.6875,-130.1875
2026-04-28T23:11:28.565121,36.138354,-97.066571,278.4,6,0.0,0.001090830782496456,0.0,0.23,-0.12,9.82,16.5,-3.6875,-130.5625
2026-04-28T23:11:29.733986,36.138354,-97.066571,278.4,6,0.002181661564992912,-0.002181661564992912,0.0,0.17,-0.07,9.73,16.5,-2.875,-130.0625
2026-04-28T23:11:30.923152,36.138301,-97.066473,278.4,6,0.0,0.002181661564992912,0.001090830782496456,0.22,-0.08,9.790000000000001,15.375,-2.875,-131.25
2026-04-28T23:11:32.126948,36.138301,-97.066473,278.4,6,0.001090830782496456,0.003272492347489368,-0.001090830782496456,0.19,-0.09,9.8,16.0625,-3.25,-131.25
2026-04-28T23:11:33.330837,36.138301,-97.06646,278.4,6,0.001090830782496456,0.001090830782496456,0.0,0.2,-0.09,9.81,15.0625,-3.25,-130.875
2026-04-28T23:11:34.512323,36.138301,-97.06646,278.4,6,0.001090830782496456,0.0,0.0,0.2,-0.08,9.8,15.375,-3.6875,-129.375
2026-04-28T23:11:35.683414,36.138301,-97.066475,278.4,6,0.0,0.0,0.0,0.22,-0.09,9.8,16.0625,-2.875,-130.875
2026-04-28T23:11:36.836711,36.138301,-97.066475,278.4,6,-0.001090830782496456,0.001090830782496456,-0.002181661564992912,0.21,-0.1,9.8,15.375,-3.25,-130.1875
2026-04-28T23:11:38.046735,36.138301,-97.066478,278.4,6,-0.001090830782496456,-0.001090830782496456,-0.003272492347489368,0.21,-0.08,9.790000000000001,15.375,-3.25,-130.5625
2026-04-28T23:11:39.270678,36.138301,-97.066478,278.4,6,0.002181661564992912,-0.001090830782496456,-0.001090830782496456,0.0,0.0,0.0,16.5,-2.875,-130.5625
2026-04-28T23:11:40.476010,36.138301,-97.066478,278.4,6,0.0,0.0,0.0,0.21,-0.08,9.78,15.75,-3.6875,-129.375
2026-04-28T23:11:41.627482,36.138301,-97.066478,278.4,6,0.002181661564992912,-0.002181661564992912,0.0,0.21,-0.07,9.790000000000001,15.75,-2.5625,-131.25
2026-04-28T23:11:42.832698,36.138301,-97.066478,278.4,6,-0.002181661564992912,-0.003272492347489368,-0.003272492347489368,0.22,-0.08,9.76,16.0625,-3.25,-130.875
2026-04-28T23:11:44.042242,36.138301,-97.066478,278.4,6,0.0,0.0,0.001090830782496456,0.22,-0.09,9.790000000000001,15.0625,-3.25,-129.75
2026-04-28T23:11:45.226959,36.138301,-97.066478,278.4,6,0.001090830782496456,0.0,0.0,0.2,-0.09,9.74,16.0625,-3.6875,-129.375
2026-04-28T23:11:46.401540,36.138301,-97.066478,278.4,6,0.0,-0.001090830782496456,0.0,0.23,-0.1,9.790000000000001,15.0625,-3.6875,-129.75
2026-04-28T23:11:47.586999,36.138301,-97.066478,278.4,6,0.0,-0.001090830782496456,0.0,0.18,-0.08,9.700000000000001,15.75,-3.6875,-129.75
2026-04-28T23:11:48.767629,36.138301,-97.066478,278.4,6,0.001090830782496456,0.001090830782496456,0.0,0.15,-0.07,9.67,15.375,-3.6875,-129.0
2026-04-28T23:11:49.955274,36.138386,-97.066508,278.4,6,0.0,-0.003272492347489368,0.0,0.19,-0.06,9.67,15.75,-4.0625,-129.75
2026-04-28T23:11:51.132256,36.138386,-97.066508,277.4,6,-0.001090830782496456,0.0,-0.001090830782496456,0.21,-0.08,9.82,16.0625,-2.875,-130.1875
2026-04-28T23:11:52.327369,36.138386,-97.066508,277.4,6,0.002181661564992912,-0.002181661564992912,-0.001090830782496456,0.18,-0.09,9.78,16.0625,-2.5625,-130.875
2026-04-28T23:11:53.538799,36.138386,-97.066508,277.4,6,-0.002181661564992912,0.003272492347489368,0.0,0.2,-0.1,9.8,15.75,-2.5625,-129.75
2026-04-28T23:11:54.727900,36.138386,-97.066508,277.4,6,0.0,0.002181661564992912,-0.001090830782496456,0.19,-0.09,9.78,16.875,-3.6875,-130.5625
2026-04-28T23:11:55.924105,36.138386,-97.066508,277.4,6,-0.002181661564992912,0.00545415391248228,0.002181661564992912,0.21,-0.08,9.77,15.75,-2.5625,-130.875
2026-04-28T23:11:57.136281,36.138386,-97.066508,277.4,6,-0.002181661564992912,-0.001090830782496456,-0.001090830782496456,0.21,-0.07,9.8,15.75,-3.6875,-129.75
2026-04-28T23:11:58.347706,36.138386,-97.066508,277.4,6,0.001090830782496456,0.002181661564992912,0.0,0.19,-0.08,9.75,15.0625,-2.875,-130.1875
2026-04-28T23:11:59.541611,36.138386,-97.066508,277.4,6,0.0,0.003272492347489368,-0.002181661564992912,0.19,-0.09,9.72,15.0625,-3.25,-130.5625
2026-04-28T23:12:00.736639,36.138386,-97.066508,277.4,6,0.0,-0.002181661564992912,0.002181661564992912,0.2,-0.07,9.78,15.375,-3.6875,-129.375
2026-04-28T23:12:01.929338,36.138386,-97.066508,277.4,6,-0.003272492347489368,-0.001090830782496456,-0.001090830782496456,0.2,-0.09,9.85,16.5,-2.875,-130.5625
2026-04-28T23:12:03.140203,36.138386,-97.066508,277.4,6,0.001090830782496456,-0.001090830782496456,-0.001090830782496456,0.14,-0.07,9.66,15.375,-3.6875,-130.5625
2026-04-28T23:12:04.349670,36.138386,-97.066508,277.4,6,-0.001090830782496456,0.0,0.0,0.16,-0.09,9.75,15.375,-3.25,-129.75
2026-04-28T23:12:05.519797,36.138386,-97.066508,277.4,6,-0.002181661564992912,-0.00545415391248228,0.002181661564992912,0.0,0.0,0.0,15.375,-3.25,-129.75
2026-04-28T23:12:06.722687,36.138386,-97.066508,277.4,6,0.0,-0.001090830782496456,0.002181661564992912,0.17,-0.09,9.8,15.75,-2.5625,-130.875
2026-04-28T23:12:07.914867,36.138386,-97.066508,277.4,6,0.001090830782496456,0.0,0.0,0.24,-0.1,9.81,16.0625,-3.25,-129.75
2026-04-28T23:12:09.082832,36.138386,-97.066508,277.4,6,-0.002181661564992912,-0.003272492347489368,0.0,0.21,-0.09,9.78,15.75,-2.875,-130.5625
2026-04-28T23:12:10.277225,36.138386,-97.066508,277.4,6,0.0,-0.001090830782496456,0.0,0.17,-0.06,9.58,15.375,-3.25,-130.5625
2026-04-28T23:12:11.446836,36.138386,-97.066508,277.4,6,0.002181661564992912,0.004363323129985824,-0.001090830782496456,0.16,-0.04,9.71,15.75,-2.875,-131.375
2026-04-28T23:12:12.660781,36.138386,-97.066508,277.4,6,0.003272492347489368,0.0,0.001090830782496456,0.18,-0.07,9.71,15.375,-3.25,-129.75
2026-04-28T23:12:13.849218,36.138386,-97.066508,277.4,6,0.002181661564992912,0.0,0.0,0.18,-0.09,9.59,15.0625,-2.875,-130.5625
2026-04-28T23:12:15.026250,36.138386,-97.066508,277.4,6,-0.002181661564992912,-0.001090830782496456,-0.001090830782496456,0.1,0.0,9.47,15.375,-3.25,-131.375
2026-04-28T23:12:16.227915,36.138386,-97.066508,277.4,6,-0.001090830782496456,0.002181661564992912,0.0,0.21,-0.09,9.76,16.0625,-3.25,-130.875
2026-04-28T23:12:17.425470,36.138386,-97.066508,277.4,6,0.001090830782496456,-0.002181661564992912,-0.002181661564992912,0.2,-0.07,9.72,15.75,-3.25,-130.1875
2026-04-28T23:12:18.634150,36.138386,-97.066508,277.4,6,0.0,0.001090830782496456,0.001090830782496456,0.21,-0.09,9.81,15.0625,-3.25,-130.1875
2026-04-28T23:12:19.833874,36.138386,-97.066508,277.4,6,0.001090830782496456,0.0,-0.002181661564992912,0.21,-0.09,9.82,15.375,-4.0625,-129.375
2026-04-28T23:12:21.026091,36.138386,-97.066508,277.4,6,-0.002181661564992912,-0.001090830782496456,-0.002181661564992912,0.22,-0.09,9.94,15.75,-4.0625,-130.5625
2026-04-28T23:12:22.240214,36.138293,-97.066521,277.5,5,0.0,-0.002181661564992912,-0.001090830782496456,0.26,-0.09,9.76,15.0625,-4.0625,-130.5625
2026-04-28T23:12:23.433393,36.138293,-97.066521,277.5,5,-0.001090830782496456,-0.001090830782496456,0.0,0.18,-0.07,9.57,15.375,-2.875,-131.0
2026-04-28T23:12:24.627505,36.138281,-97.066528,277.5,5,0.003272492347489368,0.0,0.001090830782496456,0.22,-0.09,9.77,15.375,-2.875,-130.5625
2026-04-28T23:12:25.824167,36.138281,-97.066528,277.5,5,-0.001090830782496456,-0.001090830782496456,-0.001090830782496456,0.19,-0.1,9.78,14.6875,-3.25,-130.5625
2026-04-28T23:12:27.036196,36.138275,-97.066531,277.5,5,0.0,-0.002181661564992912,0.0,0.22,-0.08,9.8,15.375,-2.875,-129.75
2026-04-28T23:12:28.205296,36.138275,-97.066531,277.5,5,-0.001090830782496456,0.003272492347489368,0.001090830782496456,0.22,-0.09,9.76,15.375,-2.875,-130.1875
2026-04-28T23:12:29.415468,36.13827,-97.066543,277.6,5,0.001090830782496456,0.002181661564992912,0.001090830782496456,0.21,-0.07,9.74,15.0625,-3.25,-130.5625
2026-04-28T23:12:30.627413,36.13827,-97.066543,277.6,5,0.0,-0.002181661564992912,0.001090830782496456,0.19,-0.06,9.64,14.6875,-3.6875,-131.75
2026-04-28T23:12:31.815405,36.13827,-97.066543,277.6,5,0.0,0.0,0.0,0.23,-0.1,9.81,15.375,-3.25,-129.75
2026-04-28T23:12:32.965459,36.13827,-97.066543,277.6,5,-0.00545415391248228,0.0,0.0,0.2,-0.1,9.58,16.0625,-3.25,-130.875
2026-04-28T23:12:34.135746,36.13827,-97.066543,277.6,4,0.0,0.003272492347489368,-0.003272492347489368,0.22,-0.09,9.65,15.375,-2.875,-130.1875
2026-04-28T23:12:35.322538,36.13827,-97.066543,277.6,4,0.0,-0.003272492347489368,0.0,0.24,-0.12,9.93,16.0625,-2.25,-130.1875
2026-04-28T23:12:36.497903,36.13827,-97.066543,277.6,5,-0.002181661564992912,-0.002181661564992912,0.0,0.21,-0.1,9.8,15.375,-2.875,-130.5625
2026-04-28T23:12:37.690758,36.13827,-97.066543,277.6,5,-0.001090830782496456,0.004363323129985824,-0.002181661564992912,0.2,-0.09,9.8,14.6875,-2.875,-130.5625
2026-04-28T23:12:38.905223,36.13827,-97.066543,277.6,5,-0.001090830782496456,-0.001090830782496456,0.001090830782496456,0.25,-0.09,9.790000000000001,15.75,-4.0625,-130.875
2026-04-28T23:12:40.131307,36.13827,-97.066543,277.6,5,0.0,0.0,0.0,0.2,-0.09,9.76,15.0625,-3.25,-129.375
2026-04-28T23:12:41.280577,36.13827,-97.066543,277.6,6,-0.003272492347489368,0.002181661564992912,0.0,0.22,-0.08,9.77,15.375,-2.875,-129.75
2026-04-28T23:12:42.468738,36.13827,-97.066543,277.6,6,0.0,-0.004363323129985824,0.0,0.19,-0.11,9.77,15.375,-3.25,-130.5625
2026-04-28T23:12:43.637624,36.13827,-97.066543,277.6,6,0.001090830782496456,-0.002181661564992912,0.0,0.22,-0.09,9.84,15.0625,-2.875,-130.5625
2026-04-28T23:12:44.830349,36.13827,-97.066543,277.6,6,0.002181661564992912,0.002181661564992912,0.002181661564992912,0.21,-0.12,9.91,15.75,-4.0625,-129.0
2026-04-28T23:12:46.035590,36.13827,-97.066543,277.6,6,0.001090830782496456,0.0,0.001090830782496456,0.19,-0.1,9.790000000000001,16.5,-3.6875,-131.0
2026-04-28T23:12:47.231831,36.13827,-97.066543,277.6,6,-0.001090830782496456,0.002181661564992912,0.001090830782496456,0.24,-0.09,9.85,15.375,-2.875,-130.1875
2026-04-28T23:12:48.443473,36.13827,-97.066543,277.6,6,-0.003272492347489368,0.001090830782496456,0.0,0.21,-0.09,9.790000000000001,15.75,-3.6875,-131.0
2026-04-28T23:12:49.645376,36.13827,-97.066543,277.6,6,-0.002181661564992912,0.002181661564992912,-0.002181661564992912,0.23,-0.08,9.790000000000001,15.0625,-2.875,-131.0
2026-04-28T23:12:50.871058,36.13827,-97.066543,277.6,6,0.001090830782496456,-0.003272492347489368,0.0,0.2,-0.09,9.78,14.6875,-3.25,-131.375
2026-04-28T23:12:52.063466,36.13827,-97.066543,277.6,6,-0.001090830782496456,0.003272492347489368,-0.001090830782496456,0.21,-0.08,9.96,15.375,-4.0625,-129.75
2026-04-28T23:12:53.276567,36.13827,-97.066543,277.6,6,0.002181661564992912,-0.001090830782496456,-0.002181661564992912,0.25,-0.09,9.83,15.75,-3.25,-129.375
2026-04-28T23:12:54.484067,36.13827,-97.066543,277.6,6,0.002181661564992912,0.0,0.002181661564992912,0.25,-0.11,9.93,15.375,-3.6875,-130.5625
2026-04-28T23:12:55.680720,36.13827,-97.066543,277.6,5,-0.002181661564992912,0.00545415391248228,-0.001090830782496456,0.2,-0.09,10.01,15.75,-4.0625,-129.75
2026-04-28T23:12:56.890843,36.13827,-97.066543,277.6,5,-0.002181661564992912,0.0,0.001090830782496456,0.18,-0.11,9.78,15.375,-3.6875,-130.1875
2026-04-28T23:12:58.087009,36.13827,-97.066543,277.6,5,0.0,0.0,0.0,0.17,-0.07,9.8,13.875,-2.875,-125.5
2026-04-28T23:12:59.239780,36.13827,-97.066543,277.6,5,0.007635815477475192,0.003272492347489368,-0.00545415391248228,0.23,-0.09,9.73,16.5,-4.0625,-130.5625
2026-04-28T23:21:30.470310,36.13827,-97.066543,0.0,0,0.003272492347489368,-0.001090830782496456,-0.001090830782496456,0.03,-0.53,9.39,16.875,-4.0625,-129.1875
2026-04-28T23:21:31.685623,36.13827,-97.066543,277.6,5,0.001090830782496456,0.001090830782496456,0.0,0.03,-0.54,9.42,17.25,-2.875,-127.6875
2026-04-28T23:21:32.862578,36.13827,-97.066543,277.6,5,0.001090830782496456,0.002181661564992912,0.0,0.04,-0.54,9.44,16.0625,-2.875,-128.875
2026-04-28T23:21:34.042391,36.13827,-97.066543,277.6,5,-0.002181661564992912,0.002181661564992912,-0.001090830782496456,0.02,-0.55,9.44,17.25,-2.875,-127.6875
2026-04-28T23:21:35.250856,36.138405,-97.066748,285.1,5,0.001090830782496456,-0.002181661564992912,0.0,0.03,-0.5,9.43,16.5,-2.5625,-128.0625
2026-04-28T23:21:36.441217,36.138405,-97.066748,285.1,5,0.0,0.003272492347489368,-0.002181661564992912,0.06,-0.55,9.47,16.875,-3.25,-126.875
2026-04-28T23:21:37.627894,36.138405,-97.066748,285.1,5,0.001090830782496456,0.001090830782496456,-0.001090830782496456,0.03,-0.52,9.4,17.5625,-2.875,-126.875
2026-04-28T23:21:38.837689,36.138405,-97.066748,285.1,5,-0.001090830782496456,-0.001090830782496456,-0.002181661564992912,0.0,-0.54,9.4,16.5,-2.5625,-127.25
2026-04-28T23:21:40.048600,36.138405,-97.066748,285.1,4,-0.003272492347489368,0.004363323129985824,0.0,0.03,-0.55,9.47,17.25,-2.875,-128.875
2026-04-28T23:38:50.712303,0.0,0.0,0.0,0,0.001090830782496456,0.0,-0.003272492347489368,0.11,-0.3,9.4,20.5,-5.5,-131.75
2026-04-28T23:38:51.866192,0.0,0.0,0.0,0,0.0,0.002181661564992912,-0.002181661564992912,0.1,-0.3,9.38,19.375,-3.6875,-129.5625
2026-04-28T23:38:52.897921,0.0,0.0,0.0,0,0.001090830782496456,0.002181661564992912,0.0,0.09,-0.3,9.39,19.375,-4.0625,-128.75
2026-04-28T23:38:53.940471,0.0,0.0,0.0,0,0.0,0.001090830782496456,0.001090830782496456,0.08,-0.29,9.42,20.5625,-3.25,-130.0625
2026-04-28T23:38:54.980742,0.0,0.0,0.0,0,0.003272492347489368,0.004363323129985824,-0.001090830782496456,0.09,-0.31,9.48,19.75,-3.25,-129.25
2026-04-28T23:38:56.021718,0.0,0.0,0.0,0,0.002181661564992912,-0.003272492347489368,0.0,0.09,-0.3,9.43,21.5625,-4.0625,-130.0625
2026-04-28T23:38:57.064469,0.0,0.0,0.0,0,0.001090830782496456,0.001090830782496456,-0.002181661564992912,0.09,-0.28,9.39,19.75,-4.375,-129.25
2026-04-28T23:38:58.107109,0.0,0.0,0.0,0,0.0,0.0,0.0,0.09,-0.29,9.4,20.1875,-3.6875,-129.6875
2026-04-28T23:38:59.146458,0.0,0.0,0.0,0,-0.001090830782496456,-0.002181661564992912,0.001090830782496456,0.1,-0.31,9.42,19.375,-4.375,-129.25
2026-04-28T23:39:00.187848,0.0,0.0,0.0,0,-0.002181661564992912,0.003272492347489368,0.0,0.1,-0.3,9.41,20.1875,-4.0625,-130.5625
2026-04-28T23:39:01.227798,0.0,0.0,0.0,0,0.002181661564992912,-0.002181661564992912,-0.001090830782496456,0.07,-0.32,9.41,19.375,-3.6875,-128.875
2026-04-28T23:39:02.774664,0.0,0.0,0.0,0,0.0,0.002181661564992912,0.001090830782496456,0.07,-0.29,9.39,20.1875,-3.25,-129.75
2026-04-28T23:39:04.316120,0.0,0.0,0.0,0,-0.002181661564992912,0.0,0.0,0.09,-0.3,9.4,20.1875,-3.25,-129.375
2026-04-28T23:39:05.855447,0.0,0.0,0.0,0,0.002181661564992912,-0.002181661564992912,0.004363323129985824,0.06,-0.29,9.44,20.5625,-3.25,-129.375
2026-04-28T23:39:07.394441,0.0,0.0,0.0,0,0.001090830782496456,-0.004363323129985824,0.0,0.1,-0.32,9.41,19.0625,-3.6875,-129.0
2026-04-28T23:39:08.932123,0.0,0.0,0.0,0,-0.001090830782496456,0.00545415391248228,0.0,0.09,-0.3,9.42,20.1875,-4.375,-129.75
2026-04-28T23:39:10.487087,0.0,0.0,0.0,0,0.0,0.004363323129985824,-0.001090830782496456,0.09,-0.28,9.41,19.375,-4.375,-130.1875
2026-04-28T23:39:12.030696,0.0,0.0,0.0,0,-0.001090830782496456,0.003272492347489368,-0.002181661564992912,0.1,-0.29,9.41,20.1875,-4.0625,-129.75
2026-04-28T23:39:13.576032,0.0,0.0,0.0,0,0.0,-0.003272492347489368,-0.001090830782496456,0.15,-0.32,9.44,19.0625,-4.0625,-129.375
2026-04-28T23:39:15.117207,0.0,0.0,0.0,0,0.0,0.0,-0.001090830782496456,0.08,-0.31,9.4,18.0,-4.0625,-129.375
2026-04-28T23:39:16.652625,0.0,0.0,0.0,0,-0.001090830782496456,0.001090830782496456,-0.001090830782496456,0.09,-0.28,9.43,19.375,-4.0625,-129.75
2026-04-28T23:39:18.189427,0.0,0.0,0.0,0,0.0,0.003272492347489368,0.001090830782496456,0.09,-0.29,9.39,20.1875,-4.0625,-130.25
2026-04-28T23:39:19.727271,0.0,0.0,0.0,1,0.003272492347489368,-0.003272492347489368,-0.002181661564992912,0.1,-0.31,9.39,19.0625,-4.75,-129.0625
2026-04-28T23:39:21.274493,0.0,0.0,0.0,1,0.001090830782496456,0.001090830782496456,0.0,0.04,-0.28,9.43,19.75,-4.0625,-129.75
2026-04-28T23:39:22.818018,0.0,0.0,0.0,1,0.001090830782496456,-0.001090830782496456,0.0,0.1,-0.29,9.39,19.75,-4.375,-129.875
2026-04-28T23:39:24.359023,0.0,0.0,0.0,1,-0.001090830782496456,0.0,0.001090830782496456,0.08,-0.28,9.4,20.1875,-4.375,-129.875
2026-04-28T23:39:25.896275,0.0,0.0,0.0,1,0.0,0.002181661564992912,-0.001090830782496456,0.1,-0.31,9.43,19.75,-3.6875,-130.6875
2026-04-28T23:39:27.437931,0.0,0.0,0.0,1,0.001090830782496456,-0.001090830782496456,0.0,0.08,-0.29,9.38,20.875,-4.375,-129.875
2026-04-28T23:39:28.984300,0.0,0.0,0.0,1,0.0,0.0,0.0,0.07,-0.28,9.39,19.75,-3.6875,-130.1875
2026-04-28T23:39:30.522645,0.0,0.0,0.0,1,-0.001090830782496456,0.0,0.0,0.11,-0.3,9.450000000000001,20.1875,-4.375,-129.5
2026-04-28T23:39:32.061731,0.0,0.0,0.0,1,0.001090830782496456,0.001090830782496456,0.0,0.1,-0.27,9.39,20.1875,-3.6875,-129.375
2026-04-28T23:39:33.602351,0.0,0.0,0.0,1,-0.001090830782496456,-0.001090830782496456,-0.002181661564992912,0.06,-0.28,9.4,19.75,-3.25,-129.5
2026-04-28T23:39:35.144054,0.0,0.0,0.0,1,0.0,0.0,0.002181661564992912,0.1,-0.31,9.41,19.375,-3.25,-129.875
2026-04-28T23:39:36.687014,0.0,0.0,0.0,1,-0.001090830782496456,0.0,0.0,0.11,-0.29,9.42,19.75,-4.375,-129.5
2026-04-28T23:39:38.226248,0.0,0.0,0.0,1,-0.001090830782496456,0.001090830782496456,-0.002181661564992912,0.1,-0.31,9.4,19.75,-3.6875,-130.25
2026-04-28T23:39:39.771696,0.0,0.0,0.0,1,0.001090830782496456,0.0,-0.001090830782496456,0.08,-0.29,9.38,19.375,-4.375,-129.5
2026-04-28T23:39:41.313055,0.0,0.0,0.0,1,0.003272492347489368,0.0,-0.001090830782496456,0.06,-0.32,9.42,19.0625,-4.375,-129.5
2026-04-28T23:39:42.853654,0.0,0.0,0.0,1,0.001090830782496456,0.0,0.002181661564992912,0.11,-0.29,9.43,19.0625,-3.6875,-129.875
2026-04-28T23:39:44.401058,0.0,0.0,0.0,1,-0.003272492347489368,0.002181661564992912,0.001090830782496456,0.11,-0.29,9.42,19.0625,-3.6875,-129.5
2026-04-28T23:39:45.947371,0.0,0.0,0.0,1,0.001090830782496456,0.001090830782496456,-0.001090830782496456,0.09,-0.31,9.41,19.75,-3.6875,-129.0625
2026-04-28T23:39:47.493112,0.0,0.0,0.0,1,0.0,-0.002181661564992912,0.001090830782496456,0.1,-0.31,9.4,20.1875,-3.6875,-129.875
2026-04-28T23:39:49.032142,0.0,0.0,0.0,1,0.0,0.0,0.001090830782496456,0.11,-0.28,9.41,20.5625,-4.375,-129.875
2026-04-28T23:39:50.568326,0.0,0.0,0.0,1,-0.002181661564992912,0.002181661564992912,0.001090830782496456,0.1,-0.29,9.42,20.1875,-4.0625,-130.6875
2026-04-28T23:39:52.114594,0.0,0.0,0.0,1,-0.001090830782496456,0.0,0.002181661564992912,0.11,-0.3,9.44,20.1875,-3.25,-129.5
2026-04-28T23:39:53.655880,0.0,0.0,0.0,1,0.0,-0.001090830782496456,-0.002181661564992912,0.1,-0.29,9.43,19.75,-4.0625,-129.875
2026-04-28T23:39:55.198683,0.0,0.0,0.0,1,0.0,0.0,-0.004363323129985824,0.08,-0.3,9.4,20.1875,-4.75,-129.875
2026-04-28T23:39:56.736272,0.0,0.0,0.0,1,-0.001090830782496456,-0.001090830782496456,0.0,0.1,-0.31,9.43,19.375,-3.6875,-129.875
2026-04-28T23:39:58.275144,0.0,0.0,0.0,1,0.0,0.001090830782496456,0.0,0.08,-0.32,9.42,19.0625,-3.6875,-129.875
2026-04-28T23:39:59.808259,0.0,0.0,0.0,1,-0.001090830782496456,-0.001090830782496456,-0.002181661564992912,0.24,-0.27,9.41,19.375,-4.375,-129.875
2026-04-28T23:40:01.347037,0.0,0.0,0.0,1,0.001090830782496456,-0.001090830782496456,0.002181661564992912,0.14,-0.33,9.4,19.75,-4.375,-129.5
2026-04-28T23:40:02.893552,0.0,0.0,0.0,1,0.0,0.001090830782496456,0.0,0.13,-0.33,9.42,19.375,-4.0625,-129.875
2026-04-28T23:40:04.435788,0.0,0.0,0.0,1,0.001090830782496456,-0.002181661564992912,0.0,0.1,-0.29,9.42,20.5625,-3.25,-129.0625
2026-04-28T23:40:05.983246,0.0,0.0,0.0,1,-0.002181661564992912,0.004363323129985824,-0.002181661564992912,0.07,-0.28,9.4,19.75,-3.6875,-129.5
2026-04-28T23:40:07.524677,0.0,0.0,0.0,1,0.001090830782496456,-0.002181661564992912,0.0,0.09,-0.3,9.42,19.75,-3.25,-129.5
2026-04-28T23:40:09.065857,0.0,0.0,0.0,1,0.0,0.001090830782496456,0.0,0.11,-0.3,9.39,20.5625,-4.375,-129.875
2026-04-28T23:40:10.611760,0.0,0.0,0.0,1,0.002181661564992912,0.003272492347489368,-0.001090830782496456,0.1,-0.29,9.38,19.75,-4.375,-129.0625
2026-04-28T23:40:12.152450,0.0,0.0,0.0,1,0.001090830782496456,0.002181661564992912,-0.002181661564992912,0.1,-0.3,9.43,19.375,-3.6875,-129.875
2026-04-28T23:40:13.693600,0.0,0.0,0.0,1,-0.001090830782496456,-0.001090830782496456,0.004363323129985824,0.13,-0.34,9.43,19.375,-3.6875,-129.0625
2026-04-28T23:40:15.232284,0.0,0.0,0.0,1,0.001090830782496456,-0.002181661564992912,0.001090830782496456,0.08,-0.27,9.4,19.75,-3.6875,-130.25
2026-04-28T23:40:16.772948,0.0,0.0,0.0,1,0.003272492347489368,0.0,0.002181661564992912,0.11,-0.3,9.39,19.75,-3.25,-127.5625
2026-04-28T23:40:18.318374,0.0,0.0,0.0,1,0.0,-0.001090830782496456,0.0,0.09,-0.29,9.42,20.5625,-3.6875,-129.0625
2026-04-28T23:40:19.860191,0.0,0.0,0.0,1,0.001090830782496456,0.0,0.001090830782496456,0.11,-0.28,9.43,19.375,-3.6875,-129.5
2026-04-28T23:40:21.404109,0.0,0.0,0.0,1,0.0,0.001090830782496456,0.0,0.11,-0.3,9.42,20.1875,-4.0625,-130.75
2026-04-28T23:40:22.941598,0.0,0.0,0.0,1,0.001090830782496456,0.0,-0.002181661564992912,0.09,-0.28,9.4,19.75,-4.375,-128.75
2026-04-28T23:40:24.480786,0.0,0.0,0.0,1,0.002181661564992912,0.002181661564992912,0.002181661564992912,0.11,-0.28,9.4,20.5625,-3.6875,-129.0625
2026-04-28T23:40:26.027455,0.0,0.0,0.0,1,0.001090830782496456,0.002181661564992912,-0.001090830782496456,0.11,-0.28,9.41,19.0625,-4.0625,-129.875
2026-04-28T23:40:27.564071,0.0,0.0,0.0,1,0.001090830782496456,-0.001090830782496456,0.002181661564992912,0.11,-0.29,9.41,19.375,-4.75,-130.0
2026-04-28T23:40:29.110912,0.0,0.0,0.0,1,-0.001090830782496456,0.001090830782496456,-0.002181661564992912,0.11,-0.31,9.42,19.0625,-4.0625,-129.875
2026-04-28T23:40:30.656258,0.0,0.0,0.0,1,0.0,0.002181661564992912,-0.001090830782496456,0.1,-0.29,9.4,19.375,-4.0625,-129.875
2026-04-28T23:40:32.203140,0.0,0.0,0.0,1,0.001090830782496456,0.001090830782496456,0.001090830782496456,0.1,-0.32,9.4,19.75,-3.25,-129.5
2026-04-28T23:40:33.748468,0.0,0.0,0.0,1,0.0,-0.002181661564992912,-0.003272492347489368,0.06,-0.3,9.39,20.5625,-4.375,-129.875
2026-04-28T23:40:35.296207,0.0,0.0,0.0,1,0.003272492347489368,-0.002181661564992912,0.002181661564992912,0.13,-0.29,9.36,20.5625,-4.375,-128.75
2026-04-28T23:40:36.877483,0.0,0.0,0.0,1,-0.003272492347489368,0.002181661564992912,0.003272492347489368,0.13,-0.29,9.34,20.1875,-4.0625,-130.375
2026-04-28T23:40:38.422105,0.0,0.0,0.0,1,0.0,-0.001090830782496456,0.0,0.07,-0.29,9.41,19.75,-4.0625,-129.1875
2026-04-28T23:40:39.964668,0.0,0.0,0.0,1,0.0,-0.00545415391248228,0.0,0.12,-0.24,9.370000000000001,19.75,-4.0625,-129.0625
2026-04-28T23:40:41.510383,0.0,0.0,0.0,1,0.002181661564992912,0.0,-0.002181661564992912,0.17,-0.3,9.34,20.5625,-3.6875,-130.75
2026-04-28T23:40:43.051259,0.0,0.0,0.0,1,-0.003272492347489368,0.00545415391248228,-0.001090830782496456,0.13,-0.24,9.3,20.5625,-3.6875,-130.0
2026-04-28T23:40:44.598380,0.0,0.0,0.0,1,-0.002181661564992912,0.002181661564992912,-0.001090830782496456,0.1,-0.3,9.39,19.0625,-3.25,-128.375
2026-04-28T23:40:46.144972,0.0,0.0,0.0,1,0.0,0.002181661564992912,-0.003272492347489368,0.12,-0.31,9.42,19.375,-3.6875,-129.5625
2026-04-28T23:40:47.691272,0.0,0.0,0.0,1,-0.001090830782496456,0.001090830782496456,-0.003272492347489368,0.12,-0.31,9.41,19.0625,-4.375,-128.75
2026-04-28T23:40:49.236653,0.0,0.0,0.0,1,0.0,-0.002181661564992912,-0.002181661564992912,0.12,-0.31,9.41,19.75,-3.6875,-130.0
2026-04-28T23:40:50.783423,0.0,0.0,0.0,1,-0.001090830782496456,0.0,0.0,0.1,-0.33,9.42,20.1875,-3.6875,-130.0
2026-04-28T23:40:52.322973,0.0,0.0,0.0,1,0.0,0.0,0.0,0.11,-0.3,9.4,19.75,-3.6875,-128.375
2026-04-28T23:40:53.864580,0.0,0.0,0.0,1,-0.001090830782496456,0.002181661564992912,0.001090830782496456,0.11,-0.29,9.43,20.1875,-4.375,-129.1875
2026-04-28T23:40:55.410699,0.0,0.0,0.0,1,0.0,-0.004363323129985824,0.0,0.11,-0.31,9.42,19.75,-4.0625,-129.5625
2026-04-28T23:40:56.954992,0.0,0.0,0.0,1,0.001090830782496456,0.003272492347489368,0.0,0.1,-0.31,9.39,19.75,-3.6875,-128.375
2026-04-28T23:40:58.495109,0.0,0.0,0.0,1,-0.001090830782496456,-0.001090830782496456,0.001090830782496456,0.11,-0.31,9.4,20.1875,-4.375,-130.0
2026-04-28T23:41:00.043174,0.0,0.0,0.0,1,-0.001090830782496456,-0.001090830782496456,-0.002181661564992912,0.11,-0.3,9.44,20.5625,-3.6875,-128.75
2026-04-28T23:41:01.588543,0.0,0.0,0.0,1,0.0,0.001090830782496456,0.0,0.12,-0.29,9.43,20.5625,-4.0625,-129.1875
2026-04-28T23:41:03.136904,0.0,0.0,0.0,1,0.0,0.002181661564992912,0.002181661564992912,0.11,-0.33,9.41,19.0625,-4.0625,-129.1875
2026-04-28T23:41:04.680240,0.0,0.0,0.0,1,-0.002181661564992912,-0.003272492347489368,0.0,0.09,-0.31,9.49,20.1875,-4.0625,-129.1875
2026-04-28T23:41:06.228204,0.0,0.0,0.0,1,-0.002181661564992912,0.002181661564992912,0.001090830782496456,0.12,-0.33,9.46,19.375,-3.6875,-130.0
2026-04-28T23:41:07.769659,0.0,0.0,0.0,1,0.0,0.001090830782496456,0.001090830782496456,0.08,-0.31,9.4,20.1875,-4.375,-130.375
2026-04-28T23:41:09.313346,0.0,0.0,0.0,1,0.001090830782496456,0.0,0.002181661564992912,0.11,-0.29,9.39,19.75,-4.75,-130.0
2026-04-28T23:41:10.853579,0.0,0.0,0.0,1,0.002181661564992912,-0.003272492347489368,-0.001090830782496456,0.06,-0.31,9.41,19.75,-4.75,-128.75
2026-04-28T23:41:12.398433,0.0,0.0,0.0,1,0.0,-0.002181661564992912,0.002181661564992912,0.1,-0.3,9.43,19.75,-4.0625,-130.0
2026-04-28T23:41:13.940273,0.0,0.0,0.0,1,0.001090830782496456,0.002181661564992912,0.001090830782496456,0.08,-0.31,9.41,19.75,-3.6875,-128.75
2026-04-28T23:41:15.487934,0.0,0.0,0.0,1,0.0,0.0,0.002181661564992912,0.11,-0.33,9.43,19.75,-4.375,-129.1875
2026-04-28T23:41:17.027216,0.0,0.0,0.0,1,0.0,-0.002181661564992912,0.0,0.1,-0.3,9.41,19.75,-3.6875,-129.1875
2026-04-28T23:41:18.570789,0.0,0.0,0.0,1,0.0,0.0,0.001090830782496456,0.11,-0.29,9.42,19.0625,-3.6875,-130.0
2026-04-28T23:41:20.110710,0.0,0.0,0.0,1,0.0,0.0,0.001090830782496456,0.1,-0.32,9.41,19.375,-4.75,-128.75
2026-04-28T23:41:21.655771,0.0,0.0,0.0,1,0.0,-0.002181661564992912,-0.001090830782496456,0.08,-0.3,9.41,20.1875,-3.25,-130.375
2026-04-28T23:41:23.200272,0.0,0.0,0.0,1,0.0,0.0,-0.001090830782496456,0.09,-0.31,9.44,19.375,-4.375,-129.1875
2026-04-28T23:41:24.741851,0.0,0.0,0.0,1,0.0,0.001090830782496456,0.0,0.11,-0.32,9.42,20.5625,-3.6875,-130.375
2026-04-28T23:41:26.284496,0.0,0.0,0.0,1,0.001090830782496456,-0.002181661564992912,-0.002181661564992912,0.11,-0.31,9.41,19.375,-3.6875,-129.1875
2026-04-28T23:41:27.831880,0.0,0.0,0.0,1,-0.001090830782496456,0.003272492347489368,0.001090830782496456,0.1,-0.29,9.44,19.75,-3.6875,-129.5625
2026-04-28T23:41:29.376327,0.0,0.0,0.0,1,0.001090830782496456,0.001090830782496456,0.0,0.1,-0.32,9.41,19.375,-4.0625,-129.1875
2026-04-28T23:41:30.924369,0.0,0.0,0.0,1,0.002181661564992912,0.0,0.002181661564992912,0.1,-0.3,9.4,20.1875,-4.0625,-130.375
2026-04-28T23:41:32.467225,0.0,0.0,0.0,1,0.0,0.0,0.002181661564992912,0.09,-0.3,9.43,19.375,-4.75,-129.5625
2026-04-28T23:41:34.009347,0.0,0.0,0.0,1,0.001090830782496456,-0.001090830782496456,-0.002181661564992912,0.01,-0.29,9.4,20.1875,-3.6875,-130.0
2026-04-28T23:41:35.551838,0.0,0.0,0.0,1,0.0,-0.001090830782496456,-0.001090830782496456,0.12,-0.3,9.43,19.0625,-5.5,-130.75
2026-04-28T23:41:37.097714,0.0,0.0,0.0,1,-0.001090830782496456,-0.001090830782496456,-0.001090830782496456,0.09,-0.31,9.41,19.75,-12.75,-130.75
2026-04-28T23:41:38.641091,0.0,0.0,0.0,1,0.001090830782496456,0.001090830782496456,0.001090830782496456,0.09,-0.3,9.42,18.6875,-5.875,-130.75
2026-04-28T23:41:40.188253,0.0,0.0,0.0,1,0.002181661564992912,-0.002181661564992912,-0.003272492347489368,0.09,-0.32,9.41,19.0625,-13.1875,-130.375
2026-04-28T23:41:41.732323,0.0,0.0,0.0,1,0.001090830782496456,0.002181661564992912,0.001090830782496456,0.1,-0.31,9.42,20.1875,-6.25,-131.875
2026-04-28T23:41:43.276568,0.0,0.0,0.0,1,0.001090830782496456,0.0,0.0,0.09,-0.29,9.44,19.375,-5.1875,-131.0625
2026-04-28T23:41:44.815683,0.0,0.0,0.0,1,-0.003272492347489368,0.001090830782496456,0.0,0.09,-0.3,9.42,19.75,-5.5,-131.5625
2026-04-28T23:41:46.360382,0.0,0.0,0.0,1,0.001090830782496456,0.002181661564992912,0.001090830782496456,0.11,-0.29,9.42,19.375,-5.1875,-131.5
2026-04-28T23:41:47.906901,0.0,0.0,0.0,1,0.003272492347489368,0.001090830782496456,0.0,0.09,-0.3,9.42,19.75,-5.5,-131.875
2026-04-28T23:41:49.449528,0.0,0.0,0.0,1,0.002181661564992912,-0.001090830782496456,0.001090830782496456,0.09,-0.31,9.44,19.375,-5.5,-130.375
2026-04-28T23:41:50.992264,0.0,0.0,0.0,1,0.0,0.003272492347489368,0.0,0.1,-0.3,9.41,20.1875,-5.1875,-131.0625
2026-04-28T23:41:52.532779,0.0,0.0,0.0,1,0.0,0.003272492347489368,-0.001090830782496456,0.1,-0.29,9.41,19.375,-6.25,-130.75
2026-04-28T23:41:54.075244,0.0,0.0,0.0,1,0.0,0.001090830782496456,-0.001090830782496456,0.1,-0.29,9.46,19.75,-5.5,-130.375
2026-04-28T23:41:55.620130,0.0,0.0,0.0,1,0.0,-0.004363323129985824,0.001090830782496456,0.11,-0.28,9.4,20.1875,-4.75,-132.25
2026-04-28T23:41:57.166756,0.0,0.0,0.0,1,0.0,0.003272492347489368,-0.001090830782496456,0.1,-0.3,9.42,19.75,-5.5,-130.25
2026-04-28T23:41:58.710826,0.0,0.0,0.0,1,-0.001090830782496456,0.002181661564992912,-0.002181661564992912,0.09,-0.3,9.450000000000001,18.6875,-5.5,-131.0625
2026-04-28T23:42:00.253799,0.0,0.0,0.0,1,0.0,0.006544984694978736,-0.001090830782496456,0.09,-0.29,9.42,19.0625,-5.5,-131.875
2026-04-28T23:42:01.799928,0.0,0.0,0.0,1,0.0,0.001090830782496456,-0.002181661564992912,0.09,-0.28,9.41,19.75,-4.375,-130.375
2026-04-28T23:42:03.341904,0.0,0.0,0.0,1,-0.001090830782496456,-0.001090830782496456,0.001090830782496456,0.09,-0.29,9.39,18.25,-4.0625,-128.375
2026-04-28T23:42:04.892213,0.0,0.0,0.0,1,0.0,-0.1407171709420428,0.001090830782496456,0.1,-0.32,9.42,19.0625,2043.9375,-128.0
2026-04-28T23:42:06.438928,0.0,0.0,0.0,1,0.0,0.0,-0.003272492347489368,0.11,-0.32,9.44,20.5625,-4.0625,-128.375
2026-04-28T23:42:07.981573,0.0,0.0,0.0,1,0.002181661564992912,-0.004363323129985824,-0.001090830782496456,0.05,-0.31,9.49,19.0625,-3.6875,-128.375
2026-04-28T23:42:09.522656,0.0,0.0,0.0,1,0.001090830782496456,0.003272492347489368,-0.003272492347489368,0.11,-0.33,9.34,13.0,-2.5625,-79.75
2026-04-28T23:42:11.070159,0.0,0.0,0.0,1,-0.001090830782496456,0.001090830782496456,0.003272492347489368,0.07,-0.32,9.44,13.0,-2.5625,-79.0
2026-04-28T23:42:12.611202,0.0,0.0,0.0,1,-0.002181661564992912,0.001090830782496456,0.002181661564992912,0.11,-0.32,9.42,10.6875,-2.5625,-80.1875
2026-04-28T23:42:14.156720,0.0,0.0,0.0,1,0.0,0.0,-0.002181661564992912,0.1,-0.31,9.43,11.75,-3.25,-79.0
2026-04-28T23:42:15.698311,0.0,0.0,0.0,1,0.0,-0.001090830782496456,-0.002181661564992912,0.09,-0.31,9.4,12.1875,-1.75,-77.375
2026-04-28T23:42:17.242712,0.0,0.0,0.0,1,0.002181661564992912,-0.003272492347489368,-0.002181661564992912,0.09,-0.32,9.61,13.6875,-2.1875,-79.375
2026-04-28T23:42:18.787154,0.0,0.0,0.0,1,-0.002181661564992912,-0.001090830782496456,0.001090830782496456,0.13,-0.32,9.32,12.5625,-3.25,-79.6875
2026-04-28T23:42:20.334296,0.0,0.0,0.0,1,0.001090830782496456,-0.003272492347489368,0.0,0.1,-0.32,9.42,11.75,-2.5625,-79.75
2026-04-28T23:42:21.876227,0.0,0.0,0.0,1,-0.003272492347489368,0.003272492347489368,0.0,0.03,-0.34,9.31,11.5,-3.0,-79.0
2026-04-28T23:42:23.425570,0.0,0.0,0.0,1,0.002181661564992912,-0.001090830782496456,0.002181661564992912,0.03,-0.34,9.46,11.5,-3.0,-79.375
2026-04-28T23:42:24.967320,0.0,0.0,0.0,1,0.003272492347489368,0.0,0.001090830782496456,0.08,-0.31,9.39,11.75,-2.5625,-79.6875
2026-04-28T23:42:26.510565,0.0,0.0,0.0,1,0.003272492347489368,0.001090830782496456,0.003272492347489368,0.11,-0.28,9.41,12.1875,-2.5625,-78.1875
2026-04-28T23:42:28.055743,0.0,0.0,0.0,1,0.001090830782496456,0.0,-0.002181661564992912,0.09,-0.31,9.41,11.5,-2.5625,-78.1875
2026-04-28T23:42:29.602866,0.0,0.0,0.0,1,0.0,-0.002181661564992912,0.003272492347489368,0.08,-0.33,9.41,12.1875,-2.5625,-79.75
2026-04-28T23:42:31.143336,0.0,0.0,0.0,1,0.0,-0.00545415391248228,0.002181661564992912,0.1,-0.32,9.43,11.75,-3.0,-79.375
2026-04-28T23:42:32.687446,0.0,0.0,0.0,1,0.001090830782496456,0.0,-0.001090830782496456,0.11,-0.3,9.43,11.5,-1.5,-78.1875
2026-04-28T23:42:34.237286,0.0,0.0,0.0,1,0.001090830782496456,-0.001090830782496456,0.0,0.07,-0.34,9.46,11.75,-1.75,-79.375
2026-04-28T23:42:35.782648,0.0,0.0,0.0,1,0.0,-0.001090830782496456,-0.001090830782496456,0.06,-0.33,9.38,11.75,-2.1875,-79.375
2026-04-28T23:42:37.324465,0.0,0.0,0.0,1,0.001090830782496456,0.001090830782496456,0.001090830782496456,0.08,-0.29,9.44,11.5,-1.75,-78.5625
2026-04-28T23:42:38.870998,0.0,0.0,0.0,1,-0.004363323129985824,0.004363323129985824,0.0,0.09,-0.28,9.42,12.1875,-2.5625,-79.0625
2026-04-28T23:42:40.410972,0.0,0.0,0.0,1,-0.001090830782496456,0.0,-0.003272492347489368,0.08,-0.33,9.450000000000001,11.75,-3.25,-78.1875
2026-04-28T23:42:41.962220,0.0,0.0,0.0,1,0.0,-0.002181661564992912,-0.003272492347489368,0.11,-0.31,9.43,11.5,-2.5625,-79.375
2026-04-28T23:42:43.503724,0.0,0.0,0.0,1,0.001090830782496456,-0.004363323129985824,0.0,0.23,-0.23,9.58,13.0,-2.1875,-78.1875
2026-04-28T23:42:45.050686,0.0,0.0,0.0,1,0.002181661564992912,0.002181661564992912,-0.003272492347489368,0.11,-0.31,9.32,12.1875,-1.75,-79.0
2026-04-28T23:42:46.595071,0.0,0.0,0.0,1,0.001090830782496456,0.0,0.002181661564992912,0.07,-0.29,9.42,10.375,-2.1875,-79.75
2026-04-28T23:42:48.139491,0.0,0.0,0.0,1,0.0,0.001090830782496456,0.0,0.09,-0.31,9.42,11.75,-3.25,-79.375
2026-04-28T23:42:49.679004,0.0,0.0,0.0,1,-0.001090830782496456,-0.002181661564992912,0.002181661564992912,0.08,-0.32,9.44,11.5,-1.75,-78.1875
2026-04-28T23:42:51.230372,0.0,0.0,0.0,1,0.001090830782496456,0.0,0.0,0.08,-0.28,9.4,12.1875,-1.75,-79.375
2026-04-28T23:42:52.769539,0.0,0.0,0.0,1,0.001090830782496456,0.001090830782496456,0.0,0.0,0.0,0.0,12.5625,-2.5625,-78.5625
2026-04-28T23:42:54.315240,0.0,0.0,0.0,1,0.0,0.0,-0.001090830782496456,0.08,-0.3,9.42,19.75,-4.0625,-127.5625
2026-04-28T23:42:55.855090,0.0,0.0,0.0,1,0.0,0.0,-0.001090830782496456,0.08,-0.33,9.41,19.375,-4.0625,-128.75
2026-04-28T23:42:57.398829,0.0,0.0,0.0,1,-0.001090830782496456,-0.001090830782496456,0.0,0.09,-0.32,9.450000000000001,20.1875,-3.25,-130.75
2026-04-28T23:42:58.944221,0.0,0.0,0.0,1,-0.001090830782496456,0.004363323129985824,-0.002181661564992912,0.08,-0.31,9.42,20.5625,-3.25,-128.375
2026-04-28T23:43:00.492106,0.0,0.0,0.0,1,-0.001090830782496456,-0.002181661564992912,0.001090830782496456,0.09,-0.31,9.39,19.75,-3.25,-128.0
2026-04-28T23:43:02.036525,0.0,0.0,0.0,1,0.001090830782496456,-0.002181661564992912,-0.001090830782496456,0.07,-0.31,9.43,20.5625,-3.6875,-129.0625
2026-04-28T23:43:03.583406,0.0,0.0,0.0,1,0.001090830782496456,0.0,-0.001090830782496456,0.09,-0.3,9.42,19.0625,-3.25,-129.5625
2026-04-28T23:43:05.122362,0.0,0.0,0.0,1,0.0,-0.002181661564992912,0.001090830782496456,0.09,-0.33,9.42,19.75,-4.375,-128.75
2026-04-28T23:43:06.666925,0.0,0.0,0.0,1,0.001090830782496456,0.001090830782496456,0.002181661564992912,0.08,-0.3,9.4,19.375,-4.0625,-129.5625
2026-04-28T23:43:08.213587,0.0,0.0,0.0,1,0.0,-0.003272492347489368,0.0,0.09,-0.31,9.4,20.5625,-4.0625,-130.0
2026-04-28T23:43:09.759878,0.0,0.0,0.0,1,0.001090830782496456,-0.004363323129985824,0.0,0.08,-0.3,9.42,20.1875,-4.0625,-129.5625
2026-04-28T23:43:11.301692,0.0,0.0,0.0,1,0.0,0.003272492347489368,0.0,0.09,-0.31,9.44,19.375,-4.0625,-129.5625
2026-04-28T23:43:12.846230,0.0,0.0,0.0,1,0.0,0.002181661564992912,0.0,0.08,-0.31,9.4,19.0625,-3.6875,-129.5625
2026-04-28T23:43:14.386723,0.0,0.0,0.0,1,0.002181661564992912,-0.002181661564992912,0.0,0.11,-0.31,9.41,19.375,-4.0625,-129.1875
2026-04-28T23:43:15.930672,0.0,0.0,0.0,1,-0.001090830782496456,-0.001090830782496456,-0.001090830782496456,0.07,-0.31,9.44,19.75,-3.6875,-129.0625
2026-04-28T23:43:17.476515,0.0,0.0,0.0,1,0.001090830782496456,-0.003272492347489368,0.001090830782496456,0.06,-0.31,9.39,20.1875,-3.6875,-129.5
2026-04-28T23:43:19.023172,0.0,0.0,0.0,1,0.001090830782496456,0.0,0.001090830782496456,0.08,-0.31,9.39,19.75,-4.375,-129.875
2026-04-28T23:43:20.564633,0.0,0.0,0.0,1,0.002181661564992912,-0.003272492347489368,-0.003272492347489368,0.07,-0.3,9.450000000000001,20.5625,-4.375,-129.5625
2026-04-28T23:43:22.112302,0.0,0.0,0.0,1,0.001090830782496456,-0.00545415391248228,-0.002181661564992912,0.09,-0.3,9.43,19.75,-4.0625,-130.0
2026-04-28T23:43:23.653613,0.0,0.0,0.0,1,-0.001090830782496456,0.0,0.001090830782496456,0.1,-0.31,9.41,19.75,-4.75,-129.0625
2026-04-28T23:43:25.202029,0.0,0.0,0.0,1,0.001090830782496456,0.001090830782496456,0.0,0.08,-0.3,9.41,20.5625,-3.6875,-129.875
2026-04-28T23:43:26.743494,0.0,0.0,0.0,1,0.001090830782496456,0.003272492347489368,0.0,0.08,-0.33,9.41,18.6875,-4.0625,-129.875
2026-04-28T23:43:28.290198,0.0,0.0,0.0,1,0.0,-0.001090830782496456,0.0,0.06,-0.32,9.42,18.6875,-3.25,-130.25
2026-04-28T23:43:29.829958,0.0,0.0,0.0,1,0.002181661564992912,0.001090830782496456,-0.001090830782496456,0.07,-0.3,9.43,19.375,-4.0625,-128.6875
2026-04-28T23:43:31.377174,0.0,0.0,0.0,1,0.0,-0.001090830782496456,0.001090830782496456,0.09,-0.32,9.39,21.25,-3.6875,-129.875
2026-04-28T23:43:32.920092,0.0,0.0,0.0,1,-0.002181661564992912,0.0,0.0,0.07,-0.31,9.42,19.375,-4.0625,-129.0625
2026-04-28T23:43:34.466538,0.0,0.0,0.0,1,0.001090830782496456,0.001090830782496456,-0.001090830782496456,0.07,-0.31,9.41,19.75,-3.25,-128.6875
2026-04-28T23:43:36.011433,0.0,0.0,0.0,1,0.002181661564992912,0.001090830782496456,-0.001090830782496456,0.09,-0.3,9.43,19.375,-3.25,-129.375
2026-04-28T23:43:37.559397,0.0,0.0,0.0,1,0.0,-0.001090830782496456,-0.002181661564992912,0.08,-0.3,9.39,19.75,-2.5625,-128.6875
2026-04-28T23:43:39.104371,0.0,0.0,0.0,1,0.001090830782496456,0.001090830782496456,0.001090830782496456,0.11,-0.3,9.42,19.75,-4.375,-129.5
2026-04-28T23:43:40.652445,0.0,0.0,0.0,1,0.0,0.0,-0.003272492347489368,0.07,-0.3,9.42,20.5625,-3.6875,-130.25
2026-04-28T23:43:42.190849,0.0,0.0,0.0,1,-0.001090830782496456,0.002181661564992912,-0.002181661564992912,0.07,-0.31,9.41,19.75,-4.0625,-129.875
2026-04-28T23:43:43.740120,0.0,0.0,0.0,1,0.0,0.002181661564992912,-0.001090830782496456,0.09,-0.32,9.41,20.5625,-4.0625,-129.375
2026-04-28T23:43:45.284364,0.0,0.0,0.0,1,-0.001090830782496456,-0.001090830782496456,-0.001090830782496456,0.1,-1.58,9.41,20.5625,-4.375,-128.6875
2026-04-28T23:43:46.831840,0.0,0.0,0.0,1,-0.002181661564992912,-0.001090830782496456,0.0,0.09,-0.3,9.4,20.875,-3.6875,-130.5625
2026-04-28T23:43:48.376597,0.0,0.0,0.0,1,-0.001090830782496456,-0.002181661564992912,0.001090830782496456,0.07,-0.31,9.44,20.1875,-3.6875,-129.375
2026-04-28T23:43:49.922899,0.0,0.0,0.0,1,0.0,-0.001090830782496456,-0.001090830782496456,0.09,-0.3,9.39,19.75,-3.25,-130.5625
2026-04-28T23:43:51.462944,0.0,0.0,0.0,1,0.001090830782496456,0.002181661564992912,0.0,0.09,-0.32,9.42,19.375,-3.6875,-129.0625
2026-04-28T23:43:53.008295,0.0,0.0,0.0,1,0.0,-0.001090830782496456,0.0,0.08,-0.29,9.450000000000001,20.1875,-3.25,-130.1875
2026-04-28T23:43:54.552548,0.0,0.0,0.0,1,0.0,-0.002181661564992912,0.0,0.08,-0.34,9.42,19.375,-3.25,-130.1875
2026-04-28T23:43:56.094521,0.0,0.0,0.0,1,-0.001090830782496456,0.0,0.001090830782496456,0.09,-0.31,9.4,19.0625,-4.0625,-129.375
2026-04-28T23:43:57.636334,0.0,0.0,0.0,1,0.001090830782496456,-0.003272492347489368,-0.002181661564992912,0.08,-0.32,9.4,20.1875,-4.0625,-129.375
2026-04-28T23:43:59.184812,0.0,0.0,0.0,1,-0.001090830782496456,0.0,0.0,0.08,-0.3,9.41,18.6875,-3.25,-129.75
2026-04-28T23:44:00.724765,0.0,0.0,0.0,1,0.001090830782496456,0.0,-0.001090830782496456,0.1,-0.33,9.43,19.0625,-3.25,-129.375
2026-04-28T23:44:02.270924,0.0,0.0,0.0,1,-0.001090830782496456,-0.001090830782496456,-0.001090830782496456,0.09,-0.31,9.42,19.75,-4.375,-129.375
2026-04-28T23:44:03.815841,0.0,0.0,0.0,1,0.0,0.0,0.003272492347489368,0.07,-0.31,9.41,20.5625,-4.0625,-129.75
2026-04-28T23:44:05.360439,0.0,0.0,0.0,1,0.002181661564992912,-0.003272492347489368,-0.002181661564992912,0.08,-0.32,9.4,19.75,-3.25,-128.5625
2026-04-28T23:44:06.903110,0.0,0.0,0.0,1,-0.001090830782496456,-0.002181661564992912,0.001090830782496456,0.07,-0.32,9.41,19.75,-4.0625,-130.1875
2026-04-28T23:44:08.449782,0.0,0.0,0.0,1,-0.001090830782496456,0.003272492347489368,-0.001090830782496456,0.1,-0.29,9.42,20.5625,-4.375,-128.5625
2026-04-28T23:44:09.995163,0.0,0.0,0.0,1,0.0,0.001090830782496456,0.002181661564992912,0.07,-0.33,9.42,18.6875,-3.6875,-130.25
2026-04-28T23:44:11.539672,0.0,0.0,0.0,1,0.001090830782496456,0.0,0.0,0.09,-0.32,9.41,20.1875,-4.375,-129.75
2026-04-28T23:44:13.078993,0.0,0.0,0.0,1,0.001090830782496456,-0.001090830782496456,-0.001090830782496456,0.09,-0.3,9.41,19.375,-4.0625,-129.75
2026-04-28T23:44:14.625827,0.0,0.0,0.0,1,-0.001090830782496456,0.0,0.0,0.08,-0.31,9.4,19.375,-3.25,-129.0
2026-04-28T23:44:16.168633,0.0,0.0,0.0,1,0.0,-0.002181661564992912,0.0,0.08,-0.3,9.38,19.75,-4.0625,-129.375
2026-04-28T23:44:17.714676,0.0,0.0,0.0,1,0.001090830782496456,-0.001090830782496456,0.0,0.11,-0.32,9.41,20.5625,-3.6875,-129.375
2026-04-28T23:44:19.254727,0.0,0.0,0.0,1,0.0,-0.001090830782496456,-0.002181661564992912,0.08,-0.31,9.42,20.1875,-3.6875,-130.5625
2026-04-28T23:44:20.799394,0.0,0.0,0.0,1,0.0,0.002181661564992912,0.001090830782496456,0.09,-0.31,9.42,20.1875,-4.0625,-129.0
2026-04-28T23:44:22.338993,0.0,0.0,0.0,1,-0.002181661564992912,0.003272492347489368,0.0,0.07,-0.3,9.4,20.1875,-4.0625,-128.25
2026-04-28T23:44:23.883798,0.0,0.0,0.0,1,0.0,-0.001090830782496456,0.0,0.09,-0.32,9.41,20.1875,-3.6875,-128.5625
2026-04-28T23:44:25.422199,0.0,0.0,0.0,1,-0.001090830782496456,-0.002181661564992912,0.0,0.07,-0.3,9.4,19.75,-3.25,-129.375
2026-04-28T23:44:26.967570,0.0,0.0,0.0,1,0.001090830782496456,-0.001090830782496456,0.001090830782496456,0.09,-0.29,9.42,19.75,-3.6875,-129.75
2026-04-28T23:44:28.512578,0.0,0.0,0.0,1,0.001090830782496456,0.0,-0.002181661564992912,0.08,-0.31,9.41,20.1875,-4.375,-130.1875
2026-04-28T23:44:30.060276,0.0,0.0,0.0,1,0.0,0.002181661564992912,-0.001090830782496456,0.09,-0.31,9.43,19.75,-4.0625,-129.375
2026-04-28T23:44:31.601564,0.0,0.0,0.0,1,0.0,0.002181661564992912,0.001090830782496456,0.08,-0.3,9.4,19.0625,-3.6875,-129.375
2026-04-28T23:44:33.151722,0.0,0.0,0.0,1,0.001090830782496456,0.0,0.001090830782496456,0.09,-0.3,9.43,19.375,-3.25,-129.375
2026-04-28T23:44:34.694970,0.0,0.0,0.0,1,0.0,-0.003272492347489368,-0.003272492347489368,0.08,-0.31,9.41,19.375,-3.25,-128.5625
2026-04-28T23:44:36.241094,0.0,0.0,0.0,1,0.001090830782496456,-0.001090830782496456,-0.001090830782496456,0.06,-0.29,9.43,19.75,-3.6875,-129.0
2026-04-28T23:44:37.783416,0.0,0.0,0.0,1,0.0,0.002181661564992912,0.002181661564992912,0.08,-0.33,9.43,19.75,-2.5625,-128.5625
2026-04-28T23:44:39.328662,0.0,0.0,0.0,1,0.001090830782496456,-0.001090830782496456,0.0,0.09,-0.32,9.41,20.1875,-4.0625,-129.75
2026-04-28T23:44:40.871199,0.0,0.0,0.0,1,0.0,-0.004363323129985824,0.001090830782496456,0.11,-0.32,9.41,19.375,-4.0625,-129.375
2026-04-28T23:44:42.420988,0.0,0.0,0.0,1,0.001090830782496456,0.0,-0.001090830782496456,0.07,-0.32,9.41,20.1875,-3.6875,-128.5625
2026-04-28T23:44:43.963291,0.0,0.0,0.0,1,0.0,-0.002181661564992912,0.001090830782496456,0.06,-0.31,9.42,19.375,-3.6875,-130.5625
2026-04-28T23:44:45.508847,0.0,0.0,0.0,1,-0.001090830782496456,0.001090830782496456,-0.001090830782496456,0.09,-0.3,9.43,19.375,-3.25,-129.75
2026-04-28T23:44:47.052645,0.0,0.0,0.0,1,0.0,-0.003272492347489368,0.002181661564992912,0.11,-0.29,9.41,19.75,-3.6875,-128.875
2026-04-28T23:44:48.599701,0.0,0.0,0.0,1,0.001090830782496456,0.0,0.0,0.06,-0.33,9.39,19.75,-3.6875,-129.75
2026-04-28T23:44:50.139174,0.0,0.0,0.0,1,0.0,0.0,0.001090830782496456,0.08,-0.29,9.4,19.375,-3.6875,-129.75
2026-04-28T23:44:51.683186,0.0,0.0,0.0,1,-0.001090830782496456,0.002181661564992912,0.002181661564992912,0.07,-0.33,9.42,19.375,-3.6875,-129.25
2026-04-28T23:44:53.229373,0.0,0.0,0.0,1,0.0,0.001090830782496456,-0.001090830782496456,0.09,-0.3,9.41,19.375,-3.25,-129.375
2026-04-28T23:44:54.775811,0.0,0.0,0.0,1,0.0,0.0,0.001090830782496456,0.09,-0.31,9.4,19.375,-3.25,-128.5625
2026-04-28T23:44:56.315314,0.0,0.0,0.0,1,0.0,-0.001090830782496456,0.0,0.08,-0.29,9.43,20.1875,-4.0625,-128.875
2026-04-28T23:44:57.859498,0.0,0.0,0.0,1,0.0,-0.001090830782496456,0.0,0.09,-0.32,9.42,19.0625,-3.25,-129.0
2026-04-28T23:44:59.399558,0.0,0.0,0.0,1,-0.001090830782496456,0.003272492347489368,-0.002181661564992912,0.09,-0.31,9.41,19.75,-4.0625,-130.5
2026-04-28T23:45:00.948583,0.0,0.0,0.0,1,-0.001090830782496456,0.0,0.0,0.08,-0.31,9.43,20.5625,-3.25,-128.5
2026-04-28T23:45:02.488920,0.0,0.0,0.0,1,0.003272492347489368,-0.002181661564992912,-0.003272492347489368,0.11,-0.3,9.44,19.0625,-4.0625,-129.75
2026-04-28T23:45:04.035456,0.0,0.0,0.0,1,-0.002181661564992912,0.006544984694978736,-0.003272492347489368,0.09,-0.3,9.4,19.0625,-3.25,-130.1875
2026-04-28T23:45:05.580309,0.0,0.0,0.0,1,0.0,0.001090830782496456,-0.001090830782496456,0.07,-0.31,9.39,19.375,-3.25,-129.75
2026-04-28T23:45:07.127867,0.0,0.0,0.0,1,0.002181661564992912,-0.003272492347489368,-0.001090830782496456,0.07,-0.31,9.43,19.0625,-3.6875,-129.25
2026-04-28T23:45:08.672562,0.0,0.0,0.0,1,-0.002181661564992912,0.0,0.002181661564992912,0.08,-0.31,9.41,19.0625,-3.25,-129.75
2026-04-28T23:45:10.228133,0.0,0.0,0.0,1,0.001090830782496456,0.003272492347489368,-0.003272492347489368,0.07,-0.3,9.450000000000001,19.375,-3.6875,-128.875
2026-04-28T23:45:11.782651,36.138425,-97.066506,0.0,1,-0.001090830782496456,0.0,-0.001090830782496456,0.09,-0.32,9.42,20.1875,-3.25,-128.875
2026-04-28T23:45:13.340580,36.138436,-97.066456,317.0,3,0.0,-0.002181661564992912,0.001090830782496456,0.07,-0.31,9.41,19.75,-2.875,-129.25
2026-04-28T23:45:14.894220,36.138436,-97.066456,317.0,3,-0.001090830782496456,-0.003272492347489368,-0.001090830782496456,0.1,-0.31,9.41,19.75,-3.6875,-128.875
2026-04-28T23:45:16.454934,36.138441,-97.066433,317.6,3,0.001090830782496456,-0.001090830782496456,0.0,0.1,-0.31,9.41,19.375,-3.6875,-129.25
2026-04-28T23:45:18.011381,36.138441,-97.066433,317.6,3,-0.001090830782496456,-0.002181661564992912,0.002181661564992912,0.07,-0.33,9.44,19.75,-4.0625,-129.75
2026-04-28T23:45:19.568703,36.138435,-97.066413,317.0,3,0.001090830782496456,-0.002181661564992912,-0.001090830782496456,0.1,-0.31,9.41,19.0625,-3.6875,-129.25
2026-04-28T23:45:21.127986,36.138435,-97.066413,317.0,3,0.001090830782496456,-0.004363323129985824,0.002181661564992912,0.08,-0.3,9.4,20.1875,-4.375,-129.25
2026-04-28T23:45:22.683498,36.138425,-97.066403,316.3,3,-0.001090830782496456,-0.004363323129985824,0.0,0.09,-0.32,9.43,20.1875,-2.875,-128.5
2026-04-28T23:45:24.239203,36.138425,-97.066403,316.3,3,0.002181661564992912,-0.001090830782496456,0.001090830782496456,0.08,-0.3,9.42,19.375,-4.0625,-130.0625
2026-04-28T23:45:25.796105,36.138415,-97.066458,318.7,4,0.001090830782496456,-0.003272492347489368,0.003272492347489368,0.08,-0.33,9.450000000000001,19.75,-3.6875,-129.6875
2026-04-28T23:45:27.356279,36.138415,-97.066458,318.7,4,0.0,0.001090830782496456,-0.002181661564992912,0.09,-0.28,9.42,19.75,-3.6875,-130.0625
2026-04-28T23:45:28.910848,36.138405,-97.066506,321.1,4,0.0,0.001090830782496456,0.001090830782496456,0.08,-0.31,9.42,19.75,-4.375,-128.875
2026-04-28T23:45:30.466374,36.138405,-97.066506,321.1,4,-0.002181661564992912,-0.002181661564992912,0.0,0.08,-0.31,9.42,19.375,-2.875,-128.875
2026-04-28T23:45:32.023583,36.138394,-97.066523,322.1,4,-0.001090830782496456,-0.004363323129985824,-0.002181661564992912,0.07,-0.31,9.41,20.5625,-4.0625,-129.25
2026-04-28T23:45:33.578917,36.138394,-97.066523,322.1,4,-0.002181661564992912,0.004363323129985824,0.001090830782496456,0.1,-0.32,9.41,20.875,-3.6875,-128.875
2026-04-28T23:45:35.135658,36.138391,-97.066533,322.3,4,0.0,0.002181661564992912,-0.001090830782496456,0.09,-0.31,9.41,19.75,-3.6875,-129.25
2026-04-28T23:45:36.691253,36.138391,-97.066533,322.3,4,0.0,-0.001090830782496456,0.0,0.09,-0.32,9.4,20.875,-4.75,-130.0625
2026-04-28T23:45:38.246827,36.138388,-97.066595,325.0,4,0.0,0.002181661564992912,0.001090830782496456,0.1,-0.31,9.44,19.375,-2.875,-129.6875
2026-04-28T23:45:39.803413,36.138388,-97.066595,325.0,4,-0.003272492347489368,0.00545415391248228,0.0,0.1,-0.31,9.4,20.1875,-3.6875,-129.6875
2026-04-28T23:45:41.360746,36.138388,-97.066593,325.4,4,0.0,0.001090830782496456,-0.001090830782496456,0.06,-0.31,9.41,20.5625,-4.0625,-130.0625
2026-04-28T23:45:42.917885,36.138388,-97.066593,325.4,4,0.0,0.0,0.002181661564992912,0.09,-0.3,9.44,20.5625,-4.0625,-129.25
2026-04-28T23:45:44.472257,36.138391,-97.066603,325.8,4,0.001090830782496456,0.00545415391248228,0.002181661564992912,0.1,-0.32,9.42,18.6875,-4.375,-128.0625
2026-04-28T23:45:46.026380,36.138391,-97.066603,325.8,4,0.0,-0.001090830782496456,-0.001090830782496456,0.09,-0.31,9.42,19.375,-3.25,-128.875
2026-04-28T23:45:47.583182,36.138391,-97.066603,325.8,4,0.002181661564992912,-0.003272492347489368,-0.001090830782496456,0.09,-0.31,9.42,19.75,-3.6875,-129.6875
2026-04-28T23:45:49.140590,36.138391,-97.066603,325.8,4,0.001090830782496456,0.0,-0.001090830782496456,0.08,-0.31,9.42,19.75,-3.6875,-129.6875
2026-04-28T23:45:50.694948,36.138391,-97.066603,325.8,4,0.0,0.001090830782496456,-0.003272492347489368,0.08,-0.3,9.43,19.0625,-4.375,-127.6875
2026-04-28T23:45:52.249950,36.138391,-97.066603,325.8,4,0.001090830782496456,0.0,-0.001090830782496456,0.07,-0.31,9.44,19.75,-3.6875,-130.0625
2026-04-28T23:45:53.805457,36.138391,-97.066603,325.8,4,-0.001090830782496456,0.001090830782496456,-0.001090830782496456,0.09,-0.31,9.41,19.0625,-4.0625,-129.6875
2026-04-28T23:45:55.361752,36.138391,-97.066603,325.8,4,-0.001090830782496456,0.001090830782496456,0.001090830782496456,0.09,-0.3,9.39,19.0625,-3.25,-130.0625
2026-04-28T23:45:56.919453,36.138391,-97.066603,325.8,4,0.001090830782496456,-0.001090830782496456,0.001090830782496456,0.09,-0.31,9.41,19.75,-3.6875,-128.5
2026-04-28T23:45:58.473277,36.138391,-97.066603,325.8,4,-0.001090830782496456,0.001090830782496456,0.001090830782496456,0.1,-0.32,9.41,18.6875,-3.25,-128.875
2026-04-28T23:46:00.031297,36.13839,-97.066603,327.1,3,0.002181661564992912,0.001090830782496456,-0.002181661564992912,0.08,-0.32,9.41,19.75,-3.6875,-128.875
2026-04-28T23:46:01.587740,36.13839,-97.066603,327.1,3,0.002181661564992912,0.0,0.003272492347489368,0.1,-0.3,9.43,20.5625,-3.6875,-128.875
2026-04-28T23:46:03.142493,36.138393,-97.066636,328.3,3,0.001090830782496456,0.0,0.0,0.08,-0.29,9.41,19.0625,-4.0625,-129.6875
2026-04-28T23:46:04.695450,36.138393,-97.066636,328.3,3,0.0,0.0,0.001090830782496456,0.08,-0.3,9.41,19.0625,-4.75,-128.875
2026-04-28T23:46:06.248365,36.13839,-97.066661,329.6,4,0.001090830782496456,0.001090830782496456,-0.001090830782496456,0.09,-0.32,9.42,19.375,-4.0625,-130.0625
2026-04-28T23:46:07.807223,36.13839,-97.066661,329.6,4,0.001090830782496456,-0.002181661564992912,-0.001090830782496456,0.08,-0.31,9.42,19.75,-4.0625,-128.875
2026-04-28T23:46:09.362782,36.138385,-97.066655,330.0,4,0.001090830782496456,-0.002181661564992912,-0.001090830782496456,0.09,-0.32,9.41,19.75,-4.375,-129.25
2026-04-28T23:46:10.919679,36.138385,-97.066655,330.0,4,0.001090830782496456,0.0,-0.002181661564992912,0.09,-0.3,9.38,20.1875,-3.6875,-129.25
2026-04-28T23:46:12.476499,36.138386,-97.06666,330.2,4,0.002181661564992912,-0.001090830782496456,-0.002181661564992912,0.09,-0.3,9.4,19.0625,-4.0625,-129.6875
2026-04-28T23:46:14.033264,36.138386,-97.06666,330.2,4,0.001090830782496456,0.0,0.0,0.1,-0.3,9.44,19.375,-4.375,-128.875
2026-04-28T23:46:15.589883,36.138386,-97.06666,330.2,4,0.0,0.0,0.003272492347489368,0.08,-0.3,9.4,19.75,-3.6875,-129.6875
2026-04-28T23:46:17.143400,36.138386,-97.06666,330.2,4,0.0,0.0,-0.002181661564992912,0.11,-0.31,9.43,19.0625,-3.6875,-127.75
2026-04-28T23:46:18.693483,36.138386,-97.06666,330.2,4,-0.002181661564992912,0.0,0.001090830782496456,0.0,0.0,0.0,20.1875,-3.25,-128.5
2026-04-28T23:46:20.247604,36.138386,-97.06666,330.2,4,0.0,0.002181661564992912,0.0,0.08,-0.32,9.41,19.0625,-4.375,-128.875
2026-04-28T23:46:21.801970,36.138386,-97.06666,330.2,4,0.0,-0.002181661564992912,-0.001090830782496456,0.1,-0.31,9.39,20.1875,-4.0625,-129.25
2026-04-28T23:46:23.354042,36.138386,-97.06666,330.2,4,-0.001090830782496456,0.001090830782496456,0.001090830782496456,0.08,-0.32,9.38,19.75,-3.25,-129.6875
2026-04-28T23:46:24.910849,36.138386,-97.06666,330.2,4,0.001090830782496456,-0.001090830782496456,0.0,0.09,-0.3,9.41,19.375,-4.75,-129.6875
2026-04-28T23:46:26.467024,36.138386,-97.06666,330.2,4,-0.001090830782496456,0.001090830782496456,-0.001090830782496456,0.08,-0.29,9.4,19.375,-4.0625,-128.0625
2026-04-28T23:46:28.023586,36.138386,-97.06666,330.2,4,0.0,0.0,-0.001090830782496456,0.1,-0.3,9.4,20.1875,-4.0625,-130.375
2026-04-28T23:46:29.574115,36.138386,-97.06666,330.2,4,0.0,-0.001090830782496456,-0.001090830782496456,0.08,-0.31,9.41,18.6875,-3.6875,-129.25
2026-04-28T23:46:31.127161,36.138386,-97.06666,330.2,4,-0.002181661564992912,-0.001090830782496456,-0.001090830782496456,0.08,-0.3,9.43,20.1875,-4.0625,-129.6875
2026-04-28T23:46:32.688994,36.138386,-97.06666,330.2,4,-0.001090830782496456,0.001090830782496456,0.001090830782496456,0.09,-0.31,9.42,19.75,-3.6875,-129.25
2026-04-28T23:46:34.248475,36.138386,-97.06666,330.2,4,0.0,0.0,0.001090830782496456,0.11,-0.32,9.42,20.1875,-2.875,-128.875
2026-04-28T23:46:35.802990,36.138386,-97.06666,330.2,4,-0.001090830782496456,0.002181661564992912,0.001090830782496456,0.06,-0.27,9.39,20.1875,-3.6875,-128.5625
2026-04-28T23:46:37.360561,36.138386,-97.06666,330.2,4,-0.002181661564992912,-0.001090830782496456,0.004363323129985824,0.09,-0.31,9.39,20.1875,-4.375,-130.0625
